Workbook

Sheet Order Tracker
A1: CUSTOMER | E1: LINE 1 | I1: LINE 2 | M1: LINE 3 | Q1: LINE 4 | U1: LINE 5 | Y1: INTERNET | AA1: COMMISSION | AE1: NOTES
A2: Customer Name | B2: Order # | C2: Order Date | D2: Activation Status | E2: Plan | F2: NU | G2: I | H2: Line Comm. | I2: Plan | J2: NU | K2: I | L2: Line Comm. | M2: Plan | N2: NU | O2: I | P2: Line Comm. | Q2: Plan | R2: NU | S2: I | T2: Line Comm. | U2: Plan | V2: NU | W2: I | X2: Line Comm. | Y2: Plan | Z2: Internet Comm. | AA2: Total Comm. | AB2: Split % | AC2: Thomas | AD2: Mario | AE2: Notes
D3: Pending | E3: Extra | F3: TRUE | G3: TRUE | H3: =IF(E3="","",IF(E3="",0,IF((COUNTIF($E3,"Senior")+COUNTIF($I3,"Senior")+COUNTIF($M3,"Senior")+COUNTIF($Q3,"Senior")+COUNTIF($U3,"Senior"))>0,Lookup!$B$5,IF(E3="Value",IF(AND(COUNTA($E3,$I3,$M3,$Q3,$U3)>=2,(COUNTIF($E3,"Extra")+COUNTIF($I3,"Extra")+COUNTIF($M3,"Extra")+COUNTIF($Q3,"Extra")+COUNTIF($U3,"Extra")+COUNTIF($E3,"Premium")+COUNTIF($I3,"Premium")+COUNTIF($M3,"Premium")+COUNTIF($Q3,"Premium")+COUNTIF($U3,"Premium"))>0),Lookup!$B$4,0),IFERROR(VLOOKUP(E3,Lookup!$A$2:$B$5,2,FALSE),0))))+IF(AND(F3=TRUE,NOT((COUNTIF($E3,"Senior")+COUNTIF($I3,"Senior")+COUNTIF($M3,"Senior")+COUNTIF($Q3,"Senior")+COUNTIF($U3,"Senior"))>0)),Lookup!$B$6,0)+IF(G3=TRUE,Lookup!$B$7,0)) -> 112 | I3: Premium | J3: TRUE | K3: FALSE | L3: =IF(I3="","",IF(I3="",0,IF((COUNTIF($E3,"Senior")+COUNTIF($I3,"Senior")+COUNTIF($M3,"Senior")+COUNTIF($Q3,"Senior")+COUNTIF($U3,"Senior"))>0,Lookup!$B$5,IF(I3="Value",IF(AND(COUNTA($E3,$I3,$M3,$Q3,$U3)>=2,(COUNTIF($E3,"Extra")+COUNTIF($I3,"Extra")+COUNTIF($M3,"Extra")+COUNTIF($Q3,"Extra")+COUNTIF($U3,"Extra")+COUNTIF($E3,"Premium")+COUNTIF($I3,"Premium")+COUNTIF($M3,"Premium")+COUNTIF($Q3,"Premium")+COUNTIF($U3,"Premium"))>0),Lookup!$B$4,0),IFERROR(VLOOKUP(I3,Lookup!$A$2:$B$5,2,FALSE),0))))+IF(AND(J3=TRUE,NOT((COUNTIF($E3,"Senior")+COUNTIF($I3,"Senior")+COUNTIF($M3,"Senior")+COUNTIF($Q3,"Senior")+COUNTIF($U3,"Senior"))>0)),Lookup!$B$6,0)+IF(K3=TRUE,Lookup!$B$7,0)) -> 115 | N3: FALSE | O3: FALSE | P3: =IF(M3="","",IF(M3="",0,IF((COUNTIF($E3,"Senior")+COUNTIF($I3,"Senior")+COUNTIF($M3,"Senior")+COUNTIF($Q3,"Senior")+COUNTIF($U3,"Senior"))>0,Lookup!$B$5,IF(M3="Value",IF(AND(COUNTA($E3,$I3,$M3,$Q3,$U3)>=2,(COUNTIF($E3,"Extra")+COUNTIF($I3,"Extra")+COUNTIF($M3,"Extra")+COUNTIF($Q3,"Extra")+COUNTIF($U3,"Extra")+COUNTIF($E3,"Premium")+COUNTIF($I3,"Premium")+COUNTIF($M3,"Premium")+COUNTIF($Q3,"Premium")+COUNTIF($U3,"Premium"))>0),Lookup!$B$4,0),IFERROR(VLOOKUP(M3,Lookup!$A$2:$B$5,2,FALSE),0))))+IF(AND(N3=TRUE,NOT((COUNTIF($E3,"Senior")+COUNTIF($I3,"Senior")+COUNTIF($M3,"Senior")+COUNTIF($Q3,"Senior")+COUNTIF($U3,"Senior"))>0)),Lookup!$B$6,0)+IF(O3=TRUE,Lookup!$B$7,0)) | R3: FALSE | S3: FALSE | T3: =IF(Q3="","",IF(Q3="",0,IF((COUNTIF($E3,"Senior")+COUNTIF($I3,"Senior")+COUNTIF($M3,"Senior")+COUNTIF($Q3,"Senior")+COUNTIF($U3,"Senior"))>0,Lookup!$B$5,IF(Q3="Value",IF(AND(COUNTA($E3,$I3,$M3,$Q3,$U3)>=2,(COUNTIF($E3,"Extra")+COUNTIF($I3,"Extra")+COUNTIF($M3,"Extra")+COUNTIF($Q3,"Extra")+COUNTIF($U3,"Extra")+COUNTIF($E3,"Premium")+COUNTIF($I3,"Premium")+COUNTIF($M3,"Premium")+COUNTIF($Q3,"Premium")+COUNTIF($U3,"Premium"))>0),Lookup!$B$4,0),IFERROR(VLOOKUP(Q3,Lookup!$A$2:$B$5,2,FALSE),0))))+IF(AND(R3=TRUE,NOT((COUNTIF($E3,"Senior")+COUNTIF($I3,"Senior")+COUNTIF($M3,"Senior")+COUNTIF($Q3,"Senior")+COUNTIF($U3,"Senior"))>0)),Lookup!$B$6,0)+IF(S3=TRUE,Lookup!$B$7,0)) | V3: FALSE | W3: FALSE | X3: =IF(U3="","",IF(U3="",0,IF((COUNTIF($E3,"Senior")+COUNTIF($I3,"Senior")+COUNTIF($M3,"Senior")+COUNTIF($Q3,"Senior")+COUNTIF($U3,"Senior"))>0,Lookup!$B$5,IF(U3="Value",IF(AND(COUNTA($E3,$I3,$M3,$Q3,$U3)>=2,(COUNTIF($E3,"Extra")+COUNTIF($I3,"Extra")+COUNTIF($M3,"Extra")+COUNTIF($Q3,"Extra")+COUNTIF($U3,"Extra")+COUNTIF($E3,"Premium")+COUNTIF($I3,"Premium")+COUNTIF($M3,"Premium")+COUNTIF($Q3,"Premium")+COUNTIF($U3,"Premium"))>0),Lookup!$B$4,0),IFERROR(VLOOKUP(U3,Lookup!$A$2:$B$5,2,FALSE),0))))+IF(AND(V3=TRUE,NOT((COUNTIF($E3,"Senior")+COUNTIF($I3,"Senior")+COUNTIF($M3,"Senior")+COUNTIF($Q3,"Senior")+COUNTIF($U3,"Senior"))>0)),Lookup!$B$6,0)+IF(W3=TRUE,Lookup!$B$7,0)) | Y3: 1Gb | Z3: =IFERROR(VLOOKUP(Y3,Lookup!$A$9:$B$12,2,FALSE),0) -> 165 | AA3: =SUM(H3,L3,P3,T3,X3,Z3) -> 392 | AB3: 0.7 | AC3: =IFERROR(AA3*AB3,0) -> 274.4 | AD3: =IFERROR(AA3*(1-AB3),0) -> 117.6
D4: Activated | E4: Premium | F4: TRUE | G4: TRUE | H4: =IF(E4="","",IF(E4="",0,IF((COUNTIF($E4,"Senior")+COUNTIF($I4,"Senior")+COUNTIF($M4,"Senior")+COUNTIF($Q4,"Senior")+COUNTIF($U4,"Senior"))>0,Lookup!$B$5,IF(E4="Value",IF(AND(COUNTA($E4,$I4,$M4,$Q4,$U4)>=2,(COUNTIF($E4,"Extra")+COUNTIF($I4,"Extra")+COUNTIF($M4,"Extra")+COUNTIF($Q4,"Extra")+COUNTIF($U4,"Extra")+COUNTIF($E4,"Premium")+COUNTIF($I4,"Premium")+COUNTIF($M4,"Premium")+COUNTIF($Q4,"Premium")+COUNTIF($U4,"Premium"))>0),Lookup!$B$4,0),IFERROR(VLOOKUP(E4,Lookup!$A$2:$B$5,2,FALSE),0))))+IF(AND(F4=TRUE,NOT((COUNTIF($E4,"Senior")+COUNTIF($I4,"Senior")+COUNTIF($M4,"Senior")+COUNTIF($Q4,"Senior")+COUNTIF($U4,"Senior"))>0)),Lookup!$B$6,0)+IF(G4=TRUE,Lookup!$B$7,0)) -> 122 | I4: Premium | J4: TRUE | K4: TRUE | L4: =IF(I4="","",IF(I4="",0,IF((COUNTIF($E4,"Senior")+COUNTIF($I4,"Senior")+COUNTIF($M4,"Senior")+COUNTIF($Q4,"Senior")+COUNTIF($U4,"Senior"))>0,Lookup!$B$5,IF(I4="Value",IF(AND(COUNTA($E4,$I4,$M4,$Q4,$U4)>=2,(COUNTIF($E4,"Extra")+COUNTIF($I4,"Extra")+COUNTIF($M4,"Extra")+COUNTIF($Q4,"Extra")+COUNTIF($U4,"Extra")+COUNTIF($E4,"Premium")+COUNTIF($I4,"Premium")+COUNTIF($M4,"Premium")+COUNTIF($Q4,"Premium")+COUNTIF($U4,"Premium"))>0),Lookup!$B$4,0),IFERROR(VLOOKUP(I4,Lookup!$A$2:$B$5,2,FALSE),0))))+IF(AND(J4=TRUE,NOT((COUNTIF($E4,"Senior")+COUNTIF($I4,"Senior")+COUNTIF($M4,"Senior")+COUNTIF($Q4,"Senior")+COUNTIF($U4,"Senior"))>0)),Lookup!$B$6,0)+IF(K4=TRUE,Lookup!$B$7,0)) -> 122 | M4: Premium | N4: TRUE | O4: TRUE | P4: =IF(M4="","",IF(M4="",0,IF((COUNTIF($E4,"Senior")+COUNTIF($I4,"Senior")+COUNTIF($M4,"Senior")+COUNTIF($Q4,"Senior")+COUNTIF($U4,"Senior"))>0,Lookup!$B$5,IF(M4="Value",IF(AND(COUNTA($E4,$I4,$M4,$Q4,$U4)>=2,(COUNTIF($E4,"Extra")+COUNTIF($I4,"Extra")+COUNTIF($M4,"Extra")+COUNTIF($Q4,"Extra")+COUNTIF($U4,"Extra")+COUNTIF($E4,"Premium")+COUNTIF($I4,"Premium")+COUNTIF($M4,"Premium")+COUNTIF($Q4,"Premium")+COUNTIF($U4,"Premium"))>0),Lookup!$B$4,0),IFERROR(VLOOKUP(M4,Lookup!$A$2:$B$5,2,FALSE),0))))+IF(AND(N4=TRUE,NOT((COUNTIF($E4,"Senior")+COUNTIF($I4,"Senior")+COUNTIF($M4,"Senior")+COUNTIF($Q4,"Senior")+COUNTIF($U4,"Senior"))>0)),Lookup!$B$6,0)+IF(O4=TRUE,Lookup!$B$7,0)) -> 122 | Q4: Premium | R4: TRUE | S4: TRUE | T4: =IF(Q4="","",IF(Q4="",0,IF((COUNTIF($E4,"Senior")+COUNTIF($I4,"Senior")+COUNTIF($M4,"Senior")+COUNTIF($Q4,"Senior")+COUNTIF($U4,"Senior"))>0,Lookup!$B$5,IF(Q4="Value",IF(AND(COUNTA($E4,$I4,$M4,$Q4,$U4)>=2,(COUNTIF($E4,"Extra")+COUNTIF($I4,"Extra")+COUNTIF($M4,"Extra")+COUNTIF($Q4,"Extra")+COUNTIF($U4,"Extra")+COUNTIF($E4,"Premium")+COUNTIF($I4,"Premium")+COUNTIF($M4,"Premium")+COUNTIF($Q4,"Premium")+COUNTIF($U4,"Premium"))>0),Lookup!$B$4,0),IFERROR(VLOOKUP(Q4,Lookup!$A$2:$B$5,2,FALSE),0))))+IF(AND(R4=TRUE,NOT((COUNTIF($E4,"Senior")+COUNTIF($I4,"Senior")+COUNTIF($M4,"Senior")+COUNTIF($Q4,"Senior")+COUNTIF($U4,"Senior"))>0)),Lookup!$B$6,0)+IF(S4=TRUE,Lookup!$B$7,0)) -> 122 | U4: Premium | V4: TRUE | W4: TRUE | X4: =IF(U4="","",IF(U4="",0,IF((COUNTIF($E4,"Senior")+COUNTIF($I4,"Senior")+COUNTIF($M4,"Senior")+COUNTIF($Q4,"Senior")+COUNTIF($U4,"Senior"))>0,Lookup!$B$5,IF(U4="Value",IF(AND(COUNTA($E4,$I4,$M4,$Q4,$U4)>=2,(COUNTIF($E4,"Extra")+COUNTIF($I4,"Extra")+COUNTIF($M4,"Extra")+COUNTIF($Q4,"Extra")+COUNTIF($U4,"Extra")+COUNTIF($E4,"Premium")+COUNTIF($I4,"Premium")+COUNTIF($M4,"Premium")+COUNTIF($Q4,"Premium")+COUNTIF($U4,"Premium"))>0),Lookup!$B$4,0),IFERROR(VLOOKUP(U4,Lookup!$A$2:$B$5,2,FALSE),0))))+IF(AND(V4=TRUE,NOT((COUNTIF($E4,"Senior")+COUNTIF($I4,"Senior")+COUNTIF($M4,"Senior")+COUNTIF($Q4,"Senior")+COUNTIF($U4,"Senior"))>0)),Lookup!$B$6,0)+IF(W4=TRUE,Lookup!$B$7,0)) -> 122 | Y4: 1Gb | Z4: =IFERROR(VLOOKUP(Y4,Lookup!$A$9:$B$12,2,FALSE),0) -> 165 | AA4: =SUM(H4,L4,P4,T4,X4,Z4) -> 775 | AB4: 0.7 | AC4: =IFERROR(AA4*AB4,0) -> 542.5 | AD4: =IFERROR(AA4*(1-AB4),0) -> 232.5
F5: FALSE | G5: FALSE | H5: =IF(E5="","",IF(E5="",0,IF((COUNTIF($E5,"Senior")+COUNTIF($I5,"Senior")+COUNTIF($M5,"Senior")+COUNTIF($Q5,"Senior")+COUNTIF($U5,"Senior"))>0,Lookup!$B$5,IF(E5="Value",IF(AND(COUNTA($E5,$I5,$M5,$Q5,$U5)>=2,(COUNTIF($E5,"Extra")+COUNTIF($I5,"Extra")+COUNTIF($M5,"Extra")+COUNTIF($Q5,"Extra")+COUNTIF($U5,"Extra")+COUNTIF($E5,"Premium")+COUNTIF($I5,"Premium")+COUNTIF($M5,"Premium")+COUNTIF($Q5,"Premium")+COUNTIF($U5,"Premium"))>0),Lookup!$B$4,0),IFERROR(VLOOKUP(E5,Lookup!$A$2:$B$5,2,FALSE),0))))+IF(AND(F5=TRUE,NOT((COUNTIF($E5,"Senior")+COUNTIF($I5,"Senior")+COUNTIF($M5,"Senior")+COUNTIF($Q5,"Senior")+COUNTIF($U5,"Senior"))>0)),Lookup!$B$6,0)+IF(G5=TRUE,Lookup!$B$7,0)) | J5: FALSE | K5: FALSE | L5: =IF(I5="","",IF(I5="",0,IF((COUNTIF($E5,"Senior")+COUNTIF($I5,"Senior")+COUNTIF($M5,"Senior")+COUNTIF($Q5,"Senior")+COUNTIF($U5,"Senior"))>0,Lookup!$B$5,IF(I5="Value",IF(AND(COUNTA($E5,$I5,$M5,$Q5,$U5)>=2,(COUNTIF($E5,"Extra")+COUNTIF($I5,"Extra")+COUNTIF($M5,"Extra")+COUNTIF($Q5,"Extra")+COUNTIF($U5,"Extra")+COUNTIF($E5,"Premium")+COUNTIF($I5,"Premium")+COUNTIF($M5,"Premium")+COUNTIF($Q5,"Premium")+COUNTIF($U5,"Premium"))>0),Lookup!$B$4,0),IFERROR(VLOOKUP(I5,Lookup!$A$2:$B$5,2,FALSE),0))))+IF(AND(J5=TRUE,NOT((COUNTIF($E5,"Senior")+COUNTIF($I5,"Senior")+COUNTIF($M5,"Senior")+COUNTIF($Q5,"Senior")+COUNTIF($U5,"Senior"))>0)),Lookup!$B$6,0)+IF(K5=TRUE,Lookup!$B$7,0)) | N5: FALSE | O5: FALSE | P5: =IF(M5="","",IF(M5="",0,IF((COUNTIF($E5,"Senior")+COUNTIF($I5,"Senior")+COUNTIF($M5,"Senior")+COUNTIF($Q5,"Senior")+COUNTIF($U5,"Senior"))>0,Lookup!$B$5,IF(M5="Value",IF(AND(COUNTA($E5,$I5,$M5,$Q5,$U5)>=2,(COUNTIF($E5,"Extra")+COUNTIF($I5,"Extra")+COUNTIF($M5,"Extra")+COUNTIF($Q5,"Extra")+COUNTIF($U5,"Extra")+COUNTIF($E5,"Premium")+COUNTIF($I5,"Premium")+COUNTIF($M5,"Premium")+COUNTIF($Q5,"Premium")+COUNTIF($U5,"Premium"))>0),Lookup!$B$4,0),IFERROR(VLOOKUP(M5,Lookup!$A$2:$B$5,2,FALSE),0))))+IF(AND(N5=TRUE,NOT((COUNTIF($E5,"Senior")+COUNTIF($I5,"Senior")+COUNTIF($M5,"Senior")+COUNTIF($Q5,"Senior")+COUNTIF($U5,"Senior"))>0)),Lookup!$B$6,0)+IF(O5=TRUE,Lookup!$B$7,0)) | R5: FALSE | S5: FALSE | T5: =IF(Q5="","",IF(Q5="",0,IF((COUNTIF($E5,"Senior")+COUNTIF($I5,"Senior")+COUNTIF($M5,"Senior")+COUNTIF($Q5,"Senior")+COUNTIF($U5,"Senior"))>0,Lookup!$B$5,IF(Q5="Value",IF(AND(COUNTA($E5,$I5,$M5,$Q5,$U5)>=2,(COUNTIF($E5,"Extra")+COUNTIF($I5,"Extra")+COUNTIF($M5,"Extra")+COUNTIF($Q5,"Extra")+COUNTIF($U5,"Extra")+COUNTIF($E5,"Premium")+COUNTIF($I5,"Premium")+COUNTIF($M5,"Premium")+COUNTIF($Q5,"Premium")+COUNTIF($U5,"Premium"))>0),Lookup!$B$4,0),IFERROR(VLOOKUP(Q5,Lookup!$A$2:$B$5,2,FALSE),0))))+IF(AND(R5=TRUE,NOT((COUNTIF($E5,"Senior")+COUNTIF($I5,"Senior")+COUNTIF($M5,"Senior")+COUNTIF($Q5,"Senior")+COUNTIF($U5,"Senior"))>0)),Lookup!$B$6,0)+IF(S5=TRUE,Lookup!$B$7,0)) | V5: FALSE | W5: FALSE | X5: =IF(U5="","",IF(U5="",0,IF((COUNTIF($E5,"Senior")+COUNTIF($I5,"Senior")+COUNTIF($M5,"Senior")+COUNTIF($Q5,"Senior")+COUNTIF($U5,"Senior"))>0,Lookup!$B$5,IF(U5="Value",IF(AND(COUNTA($E5,$I5,$M5,$Q5,$U5)>=2,(COUNTIF($E5,"Extra")+COUNTIF($I5,"Extra")+COUNTIF($M5,"Extra")+COUNTIF($Q5,"Extra")+COUNTIF($U5,"Extra")+COUNTIF($E5,"Premium")+COUNTIF($I5,"Premium")+COUNTIF($M5,"Premium")+COUNTIF($Q5,"Premium")+COUNTIF($U5,"Premium"))>0),Lookup!$B$4,0),IFERROR(VLOOKUP(U5,Lookup!$A$2:$B$5,2,FALSE),0))))+IF(AND(V5=TRUE,NOT((COUNTIF($E5,"Senior")+COUNTIF($I5,"Senior")+COUNTIF($M5,"Senior")+COUNTIF($Q5,"Senior")+COUNTIF($U5,"Senior"))>0)),Lookup!$B$6,0)+IF(W5=TRUE,Lookup!$B$7,0)) | Z5: =IFERROR(VLOOKUP(Y5,Lookup!$A$9:$B$12,2,FALSE),0) -> 0 | AA5: =SUM(H5,L5,P5,T5,X5,Z5) -> 0 | AC5: =IFERROR(AA5*AB5,0) -> 0 | AD5: =IFERROR(AA5*(1-AB5),0) -> 0
F6: FALSE | G6: FALSE | H6: =IF(E6="","",IF(E6="",0,IF((COUNTIF($E6,"Senior")+COUNTIF($I6,"Senior")+COUNTIF($M6,"Senior")+COUNTIF($Q6,"Senior")+COUNTIF($U6,"Senior"))>0,Lookup!$B$5,IF(E6="Value",IF(AND(COUNTA($E6,$I6,$M6,$Q6,$U6)>=2,(COUNTIF($E6,"Extra")+COUNTIF($I6,"Extra")+COUNTIF($M6,"Extra")+COUNTIF($Q6,"Extra")+COUNTIF($U6,"Extra")+COUNTIF($E6,"Premium")+COUNTIF($I6,"Premium")+COUNTIF($M6,"Premium")+COUNTIF($Q6,"Premium")+COUNTIF($U6,"Premium"))>0),Lookup!$B$4,0),IFERROR(VLOOKUP(E6,Lookup!$A$2:$B$5,2,FALSE),0))))+IF(AND(F6=TRUE,NOT((COUNTIF($E6,"Senior")+COUNTIF($I6,"Senior")+COUNTIF($M6,"Senior")+COUNTIF($Q6,"Senior")+COUNTIF($U6,"Senior"))>0)),Lookup!$B$6,0)+IF(G6=TRUE,Lookup!$B$7,0)) | J6: FALSE | K6: FALSE | L6: =IF(I6="","",IF(I6="",0,IF((COUNTIF($E6,"Senior")+COUNTIF($I6,"Senior")+COUNTIF($M6,"Senior")+COUNTIF($Q6,"Senior")+COUNTIF($U6,"Senior"))>0,Lookup!$B$5,IF(I6="Value",IF(AND(COUNTA($E6,$I6,$M6,$Q6,$U6)>=2,(COUNTIF($E6,"Extra")+COUNTIF($I6,"Extra")+COUNTIF($M6,"Extra")+COUNTIF($Q6,"Extra")+COUNTIF($U6,"Extra")+COUNTIF($E6,"Premium")+COUNTIF($I6,"Premium")+COUNTIF($M6,"Premium")+COUNTIF($Q6,"Premium")+COUNTIF($U6,"Premium"))>0),Lookup!$B$4,0),IFERROR(VLOOKUP(I6,Lookup!$A$2:$B$5,2,FALSE),0))))+IF(AND(J6=TRUE,NOT((COUNTIF($E6,"Senior")+COUNTIF($I6,"Senior")+COUNTIF($M6,"Senior")+COUNTIF($Q6,"Senior")+COUNTIF($U6,"Senior"))>0)),Lookup!$B$6,0)+IF(K6=TRUE,Lookup!$B$7,0)) | N6: FALSE | O6: FALSE | P6: =IF(M6="","",IF(M6="",0,IF((COUNTIF($E6,"Senior")+COUNTIF($I6,"Senior")+COUNTIF($M6,"Senior")+COUNTIF($Q6,"Senior")+COUNTIF($U6,"Senior"))>0,Lookup!$B$5,IF(M6="Value",IF(AND(COUNTA($E6,$I6,$M6,$Q6,$U6)>=2,(COUNTIF($E6,"Extra")+COUNTIF($I6,"Extra")+COUNTIF($M6,"Extra")+COUNTIF($Q6,"Extra")+COUNTIF($U6,"Extra")+COUNTIF($E6,"Premium")+COUNTIF($I6,"Premium")+COUNTIF($M6,"Premium")+COUNTIF($Q6,"Premium")+COUNTIF($U6,"Premium"))>0),Lookup!$B$4,0),IFERROR(VLOOKUP(M6,Lookup!$A$2:$B$5,2,FALSE),0))))+IF(AND(N6=TRUE,NOT((COUNTIF($E6,"Senior")+COUNTIF($I6,"Senior")+COUNTIF($M6,"Senior")+COUNTIF($Q6,"Senior")+COUNTIF($U6,"Senior"))>0)),Lookup!$B$6,0)+IF(O6=TRUE,Lookup!$B$7,0)) | R6: FALSE | S6: FALSE | T6: =IF(Q6="","",IF(Q6="",0,IF((COUNTIF($E6,"Senior")+COUNTIF($I6,"Senior")+COUNTIF($M6,"Senior")+COUNTIF($Q6,"Senior")+COUNTIF($U6,"Senior"))>0,Lookup!$B$5,IF(Q6="Value",IF(AND(COUNTA($E6,$I6,$M6,$Q6,$U6)>=2,(COUNTIF($E6,"Extra")+COUNTIF($I6,"Extra")+COUNTIF($M6,"Extra")+COUNTIF($Q6,"Extra")+COUNTIF($U6,"Extra")+COUNTIF($E6,"Premium")+COUNTIF($I6,"Premium")+COUNTIF($M6,"Premium")+COUNTIF($Q6,"Premium")+COUNTIF($U6,"Premium"))>0),Lookup!$B$4,0),IFERROR(VLOOKUP(Q6,Lookup!$A$2:$B$5,2,FALSE),0))))+IF(AND(R6=TRUE,NOT((COUNTIF($E6,"Senior")+COUNTIF($I6,"Senior")+COUNTIF($M6,"Senior")+COUNTIF($Q6,"Senior")+COUNTIF($U6,"Senior"))>0)),Lookup!$B$6,0)+IF(S6=TRUE,Lookup!$B$7,0)) | V6: FALSE | W6: FALSE | X6: =IF(U6="","",IF(U6="",0,IF((COUNTIF($E6,"Senior")+COUNTIF($I6,"Senior")+COUNTIF($M6,"Senior")+COUNTIF($Q6,"Senior")+COUNTIF($U6,"Senior"))>0,Lookup!$B$5,IF(U6="Value",IF(AND(COUNTA($E6,$I6,$M6,$Q6,$U6)>=2,(COUNTIF($E6,"Extra")+COUNTIF($I6,"Extra")+COUNTIF($M6,"Extra")+COUNTIF($Q6,"Extra")+COUNTIF($U6,"Extra")+COUNTIF($E6,"Premium")+COUNTIF($I6,"Premium")+COUNTIF($M6,"Premium")+COUNTIF($Q6,"Premium")+COUNTIF($U6,"Premium"))>0),Lookup!$B$4,0),IFERROR(VLOOKUP(U6,Lookup!$A$2:$B$5,2,FALSE),0))))+IF(AND(V6=TRUE,NOT((COUNTIF($E6,"Senior")+COUNTIF($I6,"Senior")+COUNTIF($M6,"Senior")+COUNTIF($Q6,"Senior")+COUNTIF($U6,"Senior"))>0)),Lookup!$B$6,0)+IF(W6=TRUE,Lookup!$B$7,0)) | Z6: =IFERROR(VLOOKUP(Y6,Lookup!$A$9:$B$12,2,FALSE),0) -> 0 | AA6: =SUM(H6,L6,P6,T6,X6,Z6) -> 0 | AC6: =IFERROR(AA6*AB6,0) -> 0 | AD6: =IFERROR(AA6*(1-AB6),0) -> 0
F7: FALSE | G7: FALSE | H7: =IF(E7="","",IF(E7="",0,IF((COUNTIF($E7,"Senior")+COUNTIF($I7,"Senior")+COUNTIF($M7,"Senior")+COUNTIF($Q7,"Senior")+COUNTIF($U7,"Senior"))>0,Lookup!$B$5,IF(E7="Value",IF(AND(COUNTA($E7,$I7,$M7,$Q7,$U7)>=2,(COUNTIF($E7,"Extra")+COUNTIF($I7,"Extra")+COUNTIF($M7,"Extra")+COUNTIF($Q7,"Extra")+COUNTIF($U7,"Extra")+COUNTIF($E7,"Premium")+COUNTIF($I7,"Premium")+COUNTIF($M7,"Premium")+COUNTIF($Q7,"Premium")+COUNTIF($U7,"Premium"))>0),Lookup!$B$4,0),IFERROR(VLOOKUP(E7,Lookup!$A$2:$B$5,2,FALSE),0))))+IF(AND(F7=TRUE,NOT((COUNTIF($E7,"Senior")+COUNTIF($I7,"Senior")+COUNTIF($M7,"Senior")+COUNTIF($Q7,"Senior")+COUNTIF($U7,"Senior"))>0)),Lookup!$B$6,0)+IF(G7=TRUE,Lookup!$B$7,0)) | J7: FALSE | K7: FALSE | L7: =IF(I7="","",IF(I7="",0,IF((COUNTIF($E7,"Senior")+COUNTIF($I7,"Senior")+COUNTIF($M7,"Senior")+COUNTIF($Q7,"Senior")+COUNTIF($U7,"Senior"))>0,Lookup!$B$5,IF(I7="Value",IF(AND(COUNTA($E7,$I7,$M7,$Q7,$U7)>=2,(COUNTIF($E7,"Extra")+COUNTIF($I7,"Extra")+COUNTIF($M7,"Extra")+COUNTIF($Q7,"Extra")+COUNTIF($U7,"Extra")+COUNTIF($E7,"Premium")+COUNTIF($I7,"Premium")+COUNTIF($M7,"Premium")+COUNTIF($Q7,"Premium")+COUNTIF($U7,"Premium"))>0),Lookup!$B$4,0),IFERROR(VLOOKUP(I7,Lookup!$A$2:$B$5,2,FALSE),0))))+IF(AND(J7=TRUE,NOT((COUNTIF($E7,"Senior")+COUNTIF($I7,"Senior")+COUNTIF($M7,"Senior")+COUNTIF($Q7,"Senior")+COUNTIF($U7,"Senior"))>0)),Lookup!$B$6,0)+IF(K7=TRUE,Lookup!$B$7,0)) | N7: FALSE | O7: FALSE | P7: =IF(M7="","",IF(M7="",0,IF((COUNTIF($E7,"Senior")+COUNTIF($I7,"Senior")+COUNTIF($M7,"Senior")+COUNTIF($Q7,"Senior")+COUNTIF($U7,"Senior"))>0,Lookup!$B$5,IF(M7="Value",IF(AND(COUNTA($E7,$I7,$M7,$Q7,$U7)>=2,(COUNTIF($E7,"Extra")+COUNTIF($I7,"Extra")+COUNTIF($M7,"Extra")+COUNTIF($Q7,"Extra")+COUNTIF($U7,"Extra")+COUNTIF($E7,"Premium")+COUNTIF($I7,"Premium")+COUNTIF($M7,"Premium")+COUNTIF($Q7,"Premium")+COUNTIF($U7,"Premium"))>0),Lookup!$B$4,0),IFERROR(VLOOKUP(M7,Lookup!$A$2:$B$5,2,FALSE),0))))+IF(AND(N7=TRUE,NOT((COUNTIF($E7,"Senior")+COUNTIF($I7,"Senior")+COUNTIF($M7,"Senior")+COUNTIF($Q7,"Senior")+COUNTIF($U7,"Senior"))>0)),Lookup!$B$6,0)+IF(O7=TRUE,Lookup!$B$7,0)) | R7: FALSE | S7: FALSE | T7: =IF(Q7="","",IF(Q7="",0,IF((COUNTIF($E7,"Senior")+COUNTIF($I7,"Senior")+COUNTIF($M7,"Senior")+COUNTIF($Q7,"Senior")+COUNTIF($U7,"Senior"))>0,Lookup!$B$5,IF(Q7="Value",IF(AND(COUNTA($E7,$I7,$M7,$Q7,$U7)>=2,(COUNTIF($E7,"Extra")+COUNTIF($I7,"Extra")+COUNTIF($M7,"Extra")+COUNTIF($Q7,"Extra")+COUNTIF($U7,"Extra")+COUNTIF($E7,"Premium")+COUNTIF($I7,"Premium")+COUNTIF($M7,"Premium")+COUNTIF($Q7,"Premium")+COUNTIF($U7,"Premium"))>0),Lookup!$B$4,0),IFERROR(VLOOKUP(Q7,Lookup!$A$2:$B$5,2,FALSE),0))))+IF(AND(R7=TRUE,NOT((COUNTIF($E7,"Senior")+COUNTIF($I7,"Senior")+COUNTIF($M7,"Senior")+COUNTIF($Q7,"Senior")+COUNTIF($U7,"Senior"))>0)),Lookup!$B$6,0)+IF(S7=TRUE,Lookup!$B$7,0)) | V7: FALSE | W7: FALSE | X7: =IF(U7="","",IF(U7="",0,IF((COUNTIF($E7,"Senior")+COUNTIF($I7,"Senior")+COUNTIF($M7,"Senior")+COUNTIF($Q7,"Senior")+COUNTIF($U7,"Senior"))>0,Lookup!$B$5,IF(U7="Value",IF(AND(COUNTA($E7,$I7,$M7,$Q7,$U7)>=2,(COUNTIF($E7,"Extra")+COUNTIF($I7,"Extra")+COUNTIF($M7,"Extra")+COUNTIF($Q7,"Extra")+COUNTIF($U7,"Extra")+COUNTIF($E7,"Premium")+COUNTIF($I7,"Premium")+COUNTIF($M7,"Premium")+COUNTIF($Q7,"Premium")+COUNTIF($U7,"Premium"))>0),Lookup!$B$4,0),IFERROR(VLOOKUP(U7,Lookup!$A$2:$B$5,2,FALSE),0))))+IF(AND(V7=TRUE,NOT((COUNTIF($E7,"Senior")+COUNTIF($I7,"Senior")+COUNTIF($M7,"Senior")+COUNTIF($Q7,"Senior")+COUNTIF($U7,"Senior"))>0)),Lookup!$B$6,0)+IF(W7=TRUE,Lookup!$B$7,0)) | Z7: =IFERROR(VLOOKUP(Y7,Lookup!$A$9:$B$12,2,FALSE),0) -> 0 | AA7: =SUM(H7,L7,P7,T7,X7,Z7) -> 0 | AC7: =IFERROR(AA7*AB7,0) -> 0 | AD7: =IFERROR(AA7*(1-AB7),0) -> 0
F8: FALSE | G8: FALSE | H8: =IF(E8="","",IF(E8="",0,IF((COUNTIF($E8,"Senior")+COUNTIF($I8,"Senior")+COUNTIF($M8,"Senior")+COUNTIF($Q8,"Senior")+COUNTIF($U8,"Senior"))>0,Lookup!$B$5,IF(E8="Value",IF(AND(COUNTA($E8,$I8,$M8,$Q8,$U8)>=2,(COUNTIF($E8,"Extra")+COUNTIF($I8,"Extra")+COUNTIF($M8,"Extra")+COUNTIF($Q8,"Extra")+COUNTIF($U8,"Extra")+COUNTIF($E8,"Premium")+COUNTIF($I8,"Premium")+COUNTIF($M8,"Premium")+COUNTIF($Q8,"Premium")+COUNTIF($U8,"Premium"))>0),Lookup!$B$4,0),IFERROR(VLOOKUP(E8,Lookup!$A$2:$B$5,2,FALSE),0))))+IF(AND(F8=TRUE,NOT((COUNTIF($E8,"Senior")+COUNTIF($I8,"Senior")+COUNTIF($M8,"Senior")+COUNTIF($Q8,"Senior")+COUNTIF($U8,"Senior"))>0)),Lookup!$B$6,0)+IF(G8=TRUE,Lookup!$B$7,0)) | J8: FALSE | K8: FALSE | L8: =IF(I8="","",IF(I8="",0,IF((COUNTIF($E8,"Senior")+COUNTIF($I8,"Senior")+COUNTIF($M8,"Senior")+COUNTIF($Q8,"Senior")+COUNTIF($U8,"Senior"))>0,Lookup!$B$5,IF(I8="Value",IF(AND(COUNTA($E8,$I8,$M8,$Q8,$U8)>=2,(COUNTIF($E8,"Extra")+COUNTIF($I8,"Extra")+COUNTIF($M8,"Extra")+COUNTIF($Q8,"Extra")+COUNTIF($U8,"Extra")+COUNTIF($E8,"Premium")+COUNTIF($I8,"Premium")+COUNTIF($M8,"Premium")+COUNTIF($Q8,"Premium")+COUNTIF($U8,"Premium"))>0),Lookup!$B$4,0),IFERROR(VLOOKUP(I8,Lookup!$A$2:$B$5,2,FALSE),0))))+IF(AND(J8=TRUE,NOT((COUNTIF($E8,"Senior")+COUNTIF($I8,"Senior")+COUNTIF($M8,"Senior")+COUNTIF($Q8,"Senior")+COUNTIF($U8,"Senior"))>0)),Lookup!$B$6,0)+IF(K8=TRUE,Lookup!$B$7,0)) | N8: FALSE | O8: FALSE | P8: =IF(M8="","",IF(M8="",0,IF((COUNTIF($E8,"Senior")+COUNTIF($I8,"Senior")+COUNTIF($M8,"Senior")+COUNTIF($Q8,"Senior")+COUNTIF($U8,"Senior"))>0,Lookup!$B$5,IF(M8="Value",IF(AND(COUNTA($E8,$I8,$M8,$Q8,$U8)>=2,(COUNTIF($E8,"Extra")+COUNTIF($I8,"Extra")+COUNTIF($M8,"Extra")+COUNTIF($Q8,"Extra")+COUNTIF($U8,"Extra")+COUNTIF($E8,"Premium")+COUNTIF($I8,"Premium")+COUNTIF($M8,"Premium")+COUNTIF($Q8,"Premium")+COUNTIF($U8,"Premium"))>0),Lookup!$B$4,0),IFERROR(VLOOKUP(M8,Lookup!$A$2:$B$5,2,FALSE),0))))+IF(AND(N8=TRUE,NOT((COUNTIF($E8,"Senior")+COUNTIF($I8,"Senior")+COUNTIF($M8,"Senior")+COUNTIF($Q8,"Senior")+COUNTIF($U8,"Senior"))>0)),Lookup!$B$6,0)+IF(O8=TRUE,Lookup!$B$7,0)) | R8: FALSE | S8: FALSE | T8: =IF(Q8="","",IF(Q8="",0,IF((COUNTIF($E8,"Senior")+COUNTIF($I8,"Senior")+COUNTIF($M8,"Senior")+COUNTIF($Q8,"Senior")+COUNTIF($U8,"Senior"))>0,Lookup!$B$5,IF(Q8="Value",IF(AND(COUNTA($E8,$I8,$M8,$Q8,$U8)>=2,(COUNTIF($E8,"Extra")+COUNTIF($I8,"Extra")+COUNTIF($M8,"Extra")+COUNTIF($Q8,"Extra")+COUNTIF($U8,"Extra")+COUNTIF($E8,"Premium")+COUNTIF($I8,"Premium")+COUNTIF($M8,"Premium")+COUNTIF($Q8,"Premium")+COUNTIF($U8,"Premium"))>0),Lookup!$B$4,0),IFERROR(VLOOKUP(Q8,Lookup!$A$2:$B$5,2,FALSE),0))))+IF(AND(R8=TRUE,NOT((COUNTIF($E8,"Senior")+COUNTIF($I8,"Senior")+COUNTIF($M8,"Senior")+COUNTIF($Q8,"Senior")+COUNTIF($U8,"Senior"))>0)),Lookup!$B$6,0)+IF(S8=TRUE,Lookup!$B$7,0)) | V8: FALSE | W8: FALSE | X8: =IF(U8="","",IF(U8="",0,IF((COUNTIF($E8,"Senior")+COUNTIF($I8,"Senior")+COUNTIF($M8,"Senior")+COUNTIF($Q8,"Senior")+COUNTIF($U8,"Senior"))>0,Lookup!$B$5,IF(U8="Value",IF(AND(COUNTA($E8,$I8,$M8,$Q8,$U8)>=2,(COUNTIF($E8,"Extra")+COUNTIF($I8,"Extra")+COUNTIF($M8,"Extra")+COUNTIF($Q8,"Extra")+COUNTIF($U8,"Extra")+COUNTIF($E8,"Premium")+COUNTIF($I8,"Premium")+COUNTIF($M8,"Premium")+COUNTIF($Q8,"Premium")+COUNTIF($U8,"Premium"))>0),Lookup!$B$4,0),IFERROR(VLOOKUP(U8,Lookup!$A$2:$B$5,2,FALSE),0))))+IF(AND(V8=TRUE,NOT((COUNTIF($E8,"Senior")+COUNTIF($I8,"Senior")+COUNTIF($M8,"Senior")+COUNTIF($Q8,"Senior")+COUNTIF($U8,"Senior"))>0)),Lookup!$B$6,0)+IF(W8=TRUE,Lookup!$B$7,0)) | Z8: =IFERROR(VLOOKUP(Y8,Lookup!$A$9:$B$12,2,FALSE),0) -> 0 | AA8: =SUM(H8,L8,P8,T8,X8,Z8) -> 0 | AC8: =IFERROR(AA8*AB8,0) -> 0 | AD8: =IFERROR(AA8*(1-AB8),0) -> 0
F9: FALSE | G9: FALSE | H9: =IF(E9="","",IF(E9="",0,IF((COUNTIF($E9,"Senior")+COUNTIF($I9,"Senior")+COUNTIF($M9,"Senior")+COUNTIF($Q9,"Senior")+COUNTIF($U9,"Senior"))>0,Lookup!$B$5,IF(E9="Value",IF(AND(COUNTA($E9,$I9,$M9,$Q9,$U9)>=2,(COUNTIF($E9,"Extra")+COUNTIF($I9,"Extra")+COUNTIF($M9,"Extra")+COUNTIF($Q9,"Extra")+COUNTIF($U9,"Extra")+COUNTIF($E9,"Premium")+COUNTIF($I9,"Premium")+COUNTIF($M9,"Premium")+COUNTIF($Q9,"Premium")+COUNTIF($U9,"Premium"))>0),Lookup!$B$4,0),IFERROR(VLOOKUP(E9,Lookup!$A$2:$B$5,2,FALSE),0))))+IF(AND(F9=TRUE,NOT((COUNTIF($E9,"Senior")+COUNTIF($I9,"Senior")+COUNTIF($M9,"Senior")+COUNTIF($Q9,"Senior")+COUNTIF($U9,"Senior"))>0)),Lookup!$B$6,0)+IF(G9=TRUE,Lookup!$B$7,0)) | J9: FALSE | K9: FALSE | L9: =IF(I9="","",IF(I9="",0,IF((COUNTIF($E9,"Senior")+COUNTIF($I9,"Senior")+COUNTIF($M9,"Senior")+COUNTIF($Q9,"Senior")+COUNTIF($U9,"Senior"))>0,Lookup!$B$5,IF(I9="Value",IF(AND(COUNTA($E9,$I9,$M9,$Q9,$U9)>=2,(COUNTIF($E9,"Extra")+COUNTIF($I9,"Extra")+COUNTIF($M9,"Extra")+COUNTIF($Q9,"Extra")+COUNTIF($U9,"Extra")+COUNTIF($E9,"Premium")+COUNTIF($I9,"Premium")+COUNTIF($M9,"Premium")+COUNTIF($Q9,"Premium")+COUNTIF($U9,"Premium"))>0),Lookup!$B$4,0),IFERROR(VLOOKUP(I9,Lookup!$A$2:$B$5,2,FALSE),0))))+IF(AND(J9=TRUE,NOT((COUNTIF($E9,"Senior")+COUNTIF($I9,"Senior")+COUNTIF($M9,"Senior")+COUNTIF($Q9,"Senior")+COUNTIF($U9,"Senior"))>0)),Lookup!$B$6,0)+IF(K9=TRUE,Lookup!$B$7,0)) | N9: FALSE | O9: FALSE | P9: =IF(M9="","",IF(M9="",0,IF((COUNTIF($E9,"Senior")+COUNTIF($I9,"Senior")+COUNTIF($M9,"Senior")+COUNTIF($Q9,"Senior")+COUNTIF($U9,"Senior"))>0,Lookup!$B$5,IF(M9="Value",IF(AND(COUNTA($E9,$I9,$M9,$Q9,$U9)>=2,(COUNTIF($E9,"Extra")+COUNTIF($I9,"Extra")+COUNTIF($M9,"Extra")+COUNTIF($Q9,"Extra")+COUNTIF($U9,"Extra")+COUNTIF($E9,"Premium")+COUNTIF($I9,"Premium")+COUNTIF($M9,"Premium")+COUNTIF($Q9,"Premium")+COUNTIF($U9,"Premium"))>0),Lookup!$B$4,0),IFERROR(VLOOKUP(M9,Lookup!$A$2:$B$5,2,FALSE),0))))+IF(AND(N9=TRUE,NOT((COUNTIF($E9,"Senior")+COUNTIF($I9,"Senior")+COUNTIF($M9,"Senior")+COUNTIF($Q9,"Senior")+COUNTIF($U9,"Senior"))>0)),Lookup!$B$6,0)+IF(O9=TRUE,Lookup!$B$7,0)) | R9: FALSE | S9: FALSE | T9: =IF(Q9="","",IF(Q9="",0,IF((COUNTIF($E9,"Senior")+COUNTIF($I9,"Senior")+COUNTIF($M9,"Senior")+COUNTIF($Q9,"Senior")+COUNTIF($U9,"Senior"))>0,Lookup!$B$5,IF(Q9="Value",IF(AND(COUNTA($E9,$I9,$M9,$Q9,$U9)>=2,(COUNTIF($E9,"Extra")+COUNTIF($I9,"Extra")+COUNTIF($M9,"Extra")+COUNTIF($Q9,"Extra")+COUNTIF($U9,"Extra")+COUNTIF($E9,"Premium")+COUNTIF($I9,"Premium")+COUNTIF($M9,"Premium")+COUNTIF($Q9,"Premium")+COUNTIF($U9,"Premium"))>0),Lookup!$B$4,0),IFERROR(VLOOKUP(Q9,Lookup!$A$2:$B$5,2,FALSE),0))))+IF(AND(R9=TRUE,NOT((COUNTIF($E9,"Senior")+COUNTIF($I9,"Senior")+COUNTIF($M9,"Senior")+COUNTIF($Q9,"Senior")+COUNTIF($U9,"Senior"))>0)),Lookup!$B$6,0)+IF(S9=TRUE,Lookup!$B$7,0)) | V9: FALSE | W9: FALSE | X9: =IF(U9="","",IF(U9="",0,IF((COUNTIF($E9,"Senior")+COUNTIF($I9,"Senior")+COUNTIF($M9,"Senior")+COUNTIF($Q9,"Senior")+COUNTIF($U9,"Senior"))>0,Lookup!$B$5,IF(U9="Value",IF(AND(COUNTA($E9,$I9,$M9,$Q9,$U9)>=2,(COUNTIF($E9,"Extra")+COUNTIF($I9,"Extra")+COUNTIF($M9,"Extra")+COUNTIF($Q9,"Extra")+COUNTIF($U9,"Extra")+COUNTIF($E9,"Premium")+COUNTIF($I9,"Premium")+COUNTIF($M9,"Premium")+COUNTIF($Q9,"Premium")+COUNTIF($U9,"Premium"))>0),Lookup!$B$4,0),IFERROR(VLOOKUP(U9,Lookup!$A$2:$B$5,2,FALSE),0))))+IF(AND(V9=TRUE,NOT((COUNTIF($E9,"Senior")+COUNTIF($I9,"Senior")+COUNTIF($M9,"Senior")+COUNTIF($Q9,"Senior")+COUNTIF($U9,"Senior"))>0)),Lookup!$B$6,0)+IF(W9=TRUE,Lookup!$B$7,0)) | Z9: =IFERROR(VLOOKUP(Y9,Lookup!$A$9:$B$12,2,FALSE),0) -> 0 | AA9: =SUM(H9,L9,P9,T9,X9,Z9) -> 0 | AC9: =IFERROR(AA9*AB9,0) -> 0 | AD9: =IFERROR(AA9*(1-AB9),0) -> 0
F10: FALSE | G10: FALSE | H10: =IF(E10="","",IF(E10="",0,IF((COUNTIF($E10,"Senior")+COUNTIF($I10,"Senior")+COUNTIF($M10,"Senior")+COUNTIF($Q10,"Senior")+COUNTIF($U10,"Senior"))>0,Lookup!$B$5,IF(E10="Value",IF(AND(COUNTA($E10,$I10,$M10,$Q10,$U10)>=2,(COUNTIF($E10,"Extra")+COUNTIF($I10,"Extra")+COUNTIF($M10,"Extra")+COUNTIF($Q10,"Extra")+COUNTIF($U10,"Extra")+COUNTIF($E10,"Premium")+COUNTIF($I10,"Premium")+COUNTIF($M10,"Premium")+COUNTIF($Q10,"Premium")+COUNTIF($U10,"Premium"))>0),Lookup!$B$4,0),IFERROR(VLOOKUP(E10,Lookup!$A$2:$B$5,2,FALSE),0))))+IF(AND(F10=TRUE,NOT((COUNTIF($E10,"Senior")+COUNTIF($I10,"Senior")+COUNTIF($M10,"Senior")+COUNTIF($Q10,"Senior")+COUNTIF($U10,"Senior"))>0)),Lookup!$B$6,0)+IF(G10=TRUE,Lookup!$B$7,0)) | J10: FALSE | K10: FALSE | L10: =IF(I10="","",IF(I10="",0,IF((COUNTIF($E10,"Senior")+COUNTIF($I10,"Senior")+COUNTIF($M10,"Senior")+COUNTIF($Q10,"Senior")+COUNTIF($U10,"Senior"))>0,Lookup!$B$5,IF(I10="Value",IF(AND(COUNTA($E10,$I10,$M10,$Q10,$U10)>=2,(COUNTIF($E10,"Extra")+COUNTIF($I10,"Extra")+COUNTIF($M10,"Extra")+COUNTIF($Q10,"Extra")+COUNTIF($U10,"Extra")+COUNTIF($E10,"Premium")+COUNTIF($I10,"Premium")+COUNTIF($M10,"Premium")+COUNTIF($Q10,"Premium")+COUNTIF($U10,"Premium"))>0),Lookup!$B$4,0),IFERROR(VLOOKUP(I10,Lookup!$A$2:$B$5,2,FALSE),0))))+IF(AND(J10=TRUE,NOT((COUNTIF($E10,"Senior")+COUNTIF($I10,"Senior")+COUNTIF($M10,"Senior")+COUNTIF($Q10,"Senior")+COUNTIF($U10,"Senior"))>0)),Lookup!$B$6,0)+IF(K10=TRUE,Lookup!$B$7,0)) | N10: FALSE | O10: FALSE | P10: =IF(M10="","",IF(M10="",0,IF((COUNTIF($E10,"Senior")+COUNTIF($I10,"Senior")+COUNTIF($M10,"Senior")+COUNTIF($Q10,"Senior")+COUNTIF($U10,"Senior"))>0,Lookup!$B$5,IF(M10="Value",IF(AND(COUNTA($E10,$I10,$M10,$Q10,$U10)>=2,(COUNTIF($E10,"Extra")+COUNTIF($I10,"Extra")+COUNTIF($M10,"Extra")+COUNTIF($Q10,"Extra")+COUNTIF($U10,"Extra")+COUNTIF($E10,"Premium")+COUNTIF($I10,"Premium")+COUNTIF($M10,"Premium")+COUNTIF($Q10,"Premium")+COUNTIF($U10,"Premium"))>0),Lookup!$B$4,0),IFERROR(VLOOKUP(M10,Lookup!$A$2:$B$5,2,FALSE),0))))+IF(AND(N10=TRUE,NOT((COUNTIF($E10,"Senior")+COUNTIF($I10,"Senior")+COUNTIF($M10,"Senior")+COUNTIF($Q10,"Senior")+COUNTIF($U10,"Senior"))>0)),Lookup!$B$6,0)+IF(O10=TRUE,Lookup!$B$7,0)) | R10: FALSE | S10: FALSE | T10: =IF(Q10="","",IF(Q10="",0,IF((COUNTIF($E10,"Senior")+COUNTIF($I10,"Senior")+COUNTIF($M10,"Senior")+COUNTIF($Q10,"Senior")+COUNTIF($U10,"Senior"))>0,Lookup!$B$5,IF(Q10="Value",IF(AND(COUNTA($E10,$I10,$M10,$Q10,$U10)>=2,(COUNTIF($E10,"Extra")+COUNTIF($I10,"Extra")+COUNTIF($M10,"Extra")+COUNTIF($Q10,"Extra")+COUNTIF($U10,"Extra")+COUNTIF($E10,"Premium")+COUNTIF($I10,"Premium")+COUNTIF($M10,"Premium")+COUNTIF($Q10,"Premium")+COUNTIF($U10,"Premium"))>0),Lookup!$B$4,0),IFERROR(VLOOKUP(Q10,Lookup!$A$2:$B$5,2,FALSE),0))))+IF(AND(R10=TRUE,NOT((COUNTIF($E10,"Senior")+COUNTIF($I10,"Senior")+COUNTIF($M10,"Senior")+COUNTIF($Q10,"Senior")+COUNTIF($U10,"Senior"))>0)),Lookup!$B$6,0)+IF(S10=TRUE,Lookup!$B$7,0)) | V10: FALSE | W10: FALSE | X10: =IF(U10="","",IF(U10="",0,IF((COUNTIF($E10,"Senior")+COUNTIF($I10,"Senior")+COUNTIF($M10,"Senior")+COUNTIF($Q10,"Senior")+COUNTIF($U10,"Senior"))>0,Lookup!$B$5,IF(U10="Value",IF(AND(COUNTA($E10,$I10,$M10,$Q10,$U10)>=2,(COUNTIF($E10,"Extra")+COUNTIF($I10,"Extra")+COUNTIF($M10,"Extra")+COUNTIF($Q10,"Extra")+COUNTIF($U10,"Extra")+COUNTIF($E10,"Premium")+COUNTIF($I10,"Premium")+COUNTIF($M10,"Premium")+COUNTIF($Q10,"Premium")+COUNTIF($U10,"Premium"))>0),Lookup!$B$4,0),IFERROR(VLOOKUP(U10,Lookup!$A$2:$B$5,2,FALSE),0))))+IF(AND(V10=TRUE,NOT((COUNTIF($E10,"Senior")+COUNTIF($I10,"Senior")+COUNTIF($M10,"Senior")+COUNTIF($Q10,"Senior")+COUNTIF($U10,"Senior"))>0)),Lookup!$B$6,0)+IF(W10=TRUE,Lookup!$B$7,0)) | Z10: =IFERROR(VLOOKUP(Y10,Lookup!$A$9:$B$12,2,FALSE),0) -> 0 | AA10: =SUM(H10,L10,P10,T10,X10,Z10) -> 0 | AC10: =IFERROR(AA10*AB10,0) -> 0 | AD10: =IFERROR(AA10*(1-AB10),0) -> 0
F11: FALSE | G11: FALSE | H11: =IF(E11="","",IF(E11="",0,IF((COUNTIF($E11,"Senior")+COUNTIF($I11,"Senior")+COUNTIF($M11,"Senior")+COUNTIF($Q11,"Senior")+COUNTIF($U11,"Senior"))>0,Lookup!$B$5,IF(E11="Value",IF(AND(COUNTA($E11,$I11,$M11,$Q11,$U11)>=2,(COUNTIF($E11,"Extra")+COUNTIF($I11,"Extra")+COUNTIF($M11,"Extra")+COUNTIF($Q11,"Extra")+COUNTIF($U11,"Extra")+COUNTIF($E11,"Premium")+COUNTIF($I11,"Premium")+COUNTIF($M11,"Premium")+COUNTIF($Q11,"Premium")+COUNTIF($U11,"Premium"))>0),Lookup!$B$4,0),IFERROR(VLOOKUP(E11,Lookup!$A$2:$B$5,2,FALSE),0))))+IF(AND(F11=TRUE,NOT((COUNTIF($E11,"Senior")+COUNTIF($I11,"Senior")+COUNTIF($M11,"Senior")+COUNTIF($Q11,"Senior")+COUNTIF($U11,"Senior"))>0)),Lookup!$B$6,0)+IF(G11=TRUE,Lookup!$B$7,0)) | J11: FALSE | K11: FALSE | L11: =IF(I11="","",IF(I11="",0,IF((COUNTIF($E11,"Senior")+COUNTIF($I11,"Senior")+COUNTIF($M11,"Senior")+COUNTIF($Q11,"Senior")+COUNTIF($U11,"Senior"))>0,Lookup!$B$5,IF(I11="Value",IF(AND(COUNTA($E11,$I11,$M11,$Q11,$U11)>=2,(COUNTIF($E11,"Extra")+COUNTIF($I11,"Extra")+COUNTIF($M11,"Extra")+COUNTIF($Q11,"Extra")+COUNTIF($U11,"Extra")+COUNTIF($E11,"Premium")+COUNTIF($I11,"Premium")+COUNTIF($M11,"Premium")+COUNTIF($Q11,"Premium")+COUNTIF($U11,"Premium"))>0),Lookup!$B$4,0),IFERROR(VLOOKUP(I11,Lookup!$A$2:$B$5,2,FALSE),0))))+IF(AND(J11=TRUE,NOT((COUNTIF($E11,"Senior")+COUNTIF($I11,"Senior")+COUNTIF($M11,"Senior")+COUNTIF($Q11,"Senior")+COUNTIF($U11,"Senior"))>0)),Lookup!$B$6,0)+IF(K11=TRUE,Lookup!$B$7,0)) | N11: FALSE | O11: FALSE | P11: =IF(M11="","",IF(M11="",0,IF((COUNTIF($E11,"Senior")+COUNTIF($I11,"Senior")+COUNTIF($M11,"Senior")+COUNTIF($Q11,"Senior")+COUNTIF($U11,"Senior"))>0,Lookup!$B$5,IF(M11="Value",IF(AND(COUNTA($E11,$I11,$M11,$Q11,$U11)>=2,(COUNTIF($E11,"Extra")+COUNTIF($I11,"Extra")+COUNTIF($M11,"Extra")+COUNTIF($Q11,"Extra")+COUNTIF($U11,"Extra")+COUNTIF($E11,"Premium")+COUNTIF($I11,"Premium")+COUNTIF($M11,"Premium")+COUNTIF($Q11,"Premium")+COUNTIF($U11,"Premium"))>0),Lookup!$B$4,0),IFERROR(VLOOKUP(M11,Lookup!$A$2:$B$5,2,FALSE),0))))+IF(AND(N11=TRUE,NOT((COUNTIF($E11,"Senior")+COUNTIF($I11,"Senior")+COUNTIF($M11,"Senior")+COUNTIF($Q11,"Senior")+COUNTIF($U11,"Senior"))>0)),Lookup!$B$6,0)+IF(O11=TRUE,Lookup!$B$7,0)) | R11: FALSE | S11: FALSE | T11: =IF(Q11="","",IF(Q11="",0,IF((COUNTIF($E11,"Senior")+COUNTIF($I11,"Senior")+COUNTIF($M11,"Senior")+COUNTIF($Q11,"Senior")+COUNTIF($U11,"Senior"))>0,Lookup!$B$5,IF(Q11="Value",IF(AND(COUNTA($E11,$I11,$M11,$Q11,$U11)>=2,(COUNTIF($E11,"Extra")+COUNTIF($I11,"Extra")+COUNTIF($M11,"Extra")+COUNTIF($Q11,"Extra")+COUNTIF($U11,"Extra")+COUNTIF($E11,"Premium")+COUNTIF($I11,"Premium")+COUNTIF($M11,"Premium")+COUNTIF($Q11,"Premium")+COUNTIF($U11,"Premium"))>0),Lookup!$B$4,0),IFERROR(VLOOKUP(Q11,Lookup!$A$2:$B$5,2,FALSE),0))))+IF(AND(R11=TRUE,NOT((COUNTIF($E11,"Senior")+COUNTIF($I11,"Senior")+COUNTIF($M11,"Senior")+COUNTIF($Q11,"Senior")+COUNTIF($U11,"Senior"))>0)),Lookup!$B$6,0)+IF(S11=TRUE,Lookup!$B$7,0)) | V11: FALSE | W11: FALSE | X11: =IF(U11="","",IF(U11="",0,IF((COUNTIF($E11,"Senior")+COUNTIF($I11,"Senior")+COUNTIF($M11,"Senior")+COUNTIF($Q11,"Senior")+COUNTIF($U11,"Senior"))>0,Lookup!$B$5,IF(U11="Value",IF(AND(COUNTA($E11,$I11,$M11,$Q11,$U11)>=2,(COUNTIF($E11,"Extra")+COUNTIF($I11,"Extra")+COUNTIF($M11,"Extra")+COUNTIF($Q11,"Extra")+COUNTIF($U11,"Extra")+COUNTIF($E11,"Premium")+COUNTIF($I11,"Premium")+COUNTIF($M11,"Premium")+COUNTIF($Q11,"Premium")+COUNTIF($U11,"Premium"))>0),Lookup!$B$4,0),IFERROR(VLOOKUP(U11,Lookup!$A$2:$B$5,2,FALSE),0))))+IF(AND(V11=TRUE,NOT((COUNTIF($E11,"Senior")+COUNTIF($I11,"Senior")+COUNTIF($M11,"Senior")+COUNTIF($Q11,"Senior")+COUNTIF($U11,"Senior"))>0)),Lookup!$B$6,0)+IF(W11=TRUE,Lookup!$B$7,0)) | Z11: =IFERROR(VLOOKUP(Y11,Lookup!$A$9:$B$12,2,FALSE),0) -> 0 | AA11: =SUM(H11,L11,P11,T11,X11,Z11) -> 0 | AC11: =IFERROR(AA11*AB11,0) -> 0 | AD11: =IFERROR(AA11*(1-AB11),0) -> 0
F12: FALSE | G12: FALSE | H12: =IF(E12="","",IF(E12="",0,IF((COUNTIF($E12,"Senior")+COUNTIF($I12,"Senior")+COUNTIF($M12,"Senior")+COUNTIF($Q12,"Senior")+COUNTIF($U12,"Senior"))>0,Lookup!$B$5,IF(E12="Value",IF(AND(COUNTA($E12,$I12,$M12,$Q12,$U12)>=2,(COUNTIF($E12,"Extra")+COUNTIF($I12,"Extra")+COUNTIF($M12,"Extra")+COUNTIF($Q12,"Extra")+COUNTIF($U12,"Extra")+COUNTIF($E12,"Premium")+COUNTIF($I12,"Premium")+COUNTIF($M12,"Premium")+COUNTIF($Q12,"Premium")+COUNTIF($U12,"Premium"))>0),Lookup!$B$4,0),IFERROR(VLOOKUP(E12,Lookup!$A$2:$B$5,2,FALSE),0))))+IF(AND(F12=TRUE,NOT((COUNTIF($E12,"Senior")+COUNTIF($I12,"Senior")+COUNTIF($M12,"Senior")+COUNTIF($Q12,"Senior")+COUNTIF($U12,"Senior"))>0)),Lookup!$B$6,0)+IF(G12=TRUE,Lookup!$B$7,0)) | J12: FALSE | K12: FALSE | L12: =IF(I12="","",IF(I12="",0,IF((COUNTIF($E12,"Senior")+COUNTIF($I12,"Senior")+COUNTIF($M12,"Senior")+COUNTIF($Q12,"Senior")+COUNTIF($U12,"Senior"))>0,Lookup!$B$5,IF(I12="Value",IF(AND(COUNTA($E12,$I12,$M12,$Q12,$U12)>=2,(COUNTIF($E12,"Extra")+COUNTIF($I12,"Extra")+COUNTIF($M12,"Extra")+COUNTIF($Q12,"Extra")+COUNTIF($U12,"Extra")+COUNTIF($E12,"Premium")+COUNTIF($I12,"Premium")+COUNTIF($M12,"Premium")+COUNTIF($Q12,"Premium")+COUNTIF($U12,"Premium"))>0),Lookup!$B$4,0),IFERROR(VLOOKUP(I12,Lookup!$A$2:$B$5,2,FALSE),0))))+IF(AND(J12=TRUE,NOT((COUNTIF($E12,"Senior")+COUNTIF($I12,"Senior")+COUNTIF($M12,"Senior")+COUNTIF($Q12,"Senior")+COUNTIF($U12,"Senior"))>0)),Lookup!$B$6,0)+IF(K12=TRUE,Lookup!$B$7,0)) | N12: FALSE | O12: FALSE | P12: =IF(M12="","",IF(M12="",0,IF((COUNTIF($E12,"Senior")+COUNTIF($I12,"Senior")+COUNTIF($M12,"Senior")+COUNTIF($Q12,"Senior")+COUNTIF($U12,"Senior"))>0,Lookup!$B$5,IF(M12="Value",IF(AND(COUNTA($E12,$I12,$M12,$Q12,$U12)>=2,(COUNTIF($E12,"Extra")+COUNTIF($I12,"Extra")+COUNTIF($M12,"Extra")+COUNTIF($Q12,"Extra")+COUNTIF($U12,"Extra")+COUNTIF($E12,"Premium")+COUNTIF($I12,"Premium")+COUNTIF($M12,"Premium")+COUNTIF($Q12,"Premium")+COUNTIF($U12,"Premium"))>0),Lookup!$B$4,0),IFERROR(VLOOKUP(M12,Lookup!$A$2:$B$5,2,FALSE),0))))+IF(AND(N12=TRUE,NOT((COUNTIF($E12,"Senior")+COUNTIF($I12,"Senior")+COUNTIF($M12,"Senior")+COUNTIF($Q12,"Senior")+COUNTIF($U12,"Senior"))>0)),Lookup!$B$6,0)+IF(O12=TRUE,Lookup!$B$7,0)) | R12: FALSE | S12: FALSE | T12: =IF(Q12="","",IF(Q12="",0,IF((COUNTIF($E12,"Senior")+COUNTIF($I12,"Senior")+COUNTIF($M12,"Senior")+COUNTIF($Q12,"Senior")+COUNTIF($U12,"Senior"))>0,Lookup!$B$5,IF(Q12="Value",IF(AND(COUNTA($E12,$I12,$M12,$Q12,$U12)>=2,(COUNTIF($E12,"Extra")+COUNTIF($I12,"Extra")+COUNTIF($M12,"Extra")+COUNTIF($Q12,"Extra")+COUNTIF($U12,"Extra")+COUNTIF($E12,"Premium")+COUNTIF($I12,"Premium")+COUNTIF($M12,"Premium")+COUNTIF($Q12,"Premium")+COUNTIF($U12,"Premium"))>0),Lookup!$B$4,0),IFERROR(VLOOKUP(Q12,Lookup!$A$2:$B$5,2,FALSE),0))))+IF(AND(R12=TRUE,NOT((COUNTIF($E12,"Senior")+COUNTIF($I12,"Senior")+COUNTIF($M12,"Senior")+COUNTIF($Q12,"Senior")+COUNTIF($U12,"Senior"))>0)),Lookup!$B$6,0)+IF(S12=TRUE,Lookup!$B$7,0)) | V12: FALSE | W12: FALSE | X12: =IF(U12="","",IF(U12="",0,IF((COUNTIF($E12,"Senior")+COUNTIF($I12,"Senior")+COUNTIF($M12,"Senior")+COUNTIF($Q12,"Senior")+COUNTIF($U12,"Senior"))>0,Lookup!$B$5,IF(U12="Value",IF(AND(COUNTA($E12,$I12,$M12,$Q12,$U12)>=2,(COUNTIF($E12,"Extra")+COUNTIF($I12,"Extra")+COUNTIF($M12,"Extra")+COUNTIF($Q12,"Extra")+COUNTIF($U12,"Extra")+COUNTIF($E12,"Premium")+COUNTIF($I12,"Premium")+COUNTIF($M12,"Premium")+COUNTIF($Q12,"Premium")+COUNTIF($U12,"Premium"))>0),Lookup!$B$4,0),IFERROR(VLOOKUP(U12,Lookup!$A$2:$B$5,2,FALSE),0))))+IF(AND(V12=TRUE,NOT((COUNTIF($E12,"Senior")+COUNTIF($I12,"Senior")+COUNTIF($M12,"Senior")+COUNTIF($Q12,"Senior")+COUNTIF($U12,"Senior"))>0)),Lookup!$B$6,0)+IF(W12=TRUE,Lookup!$B$7,0)) | Z12: =IFERROR(VLOOKUP(Y12,Lookup!$A$9:$B$12,2,FALSE),0) -> 0 | AA12: =SUM(H12,L12,P12,T12,X12,Z12) -> 0 | AC12: =IFERROR(AA12*AB12,0) -> 0 | AD12: =IFERROR(AA12*(1-AB12),0) -> 0
F13: FALSE | G13: FALSE | H13: =IF(E13="","",IF(E13="",0,IF((COUNTIF($E13,"Senior")+COUNTIF($I13,"Senior")+COUNTIF($M13,"Senior")+COUNTIF($Q13,"Senior")+COUNTIF($U13,"Senior"))>0,Lookup!$B$5,IF(E13="Value",IF(AND(COUNTA($E13,$I13,$M13,$Q13,$U13)>=2,(COUNTIF($E13,"Extra")+COUNTIF($I13,"Extra")+COUNTIF($M13,"Extra")+COUNTIF($Q13,"Extra")+COUNTIF($U13,"Extra")+COUNTIF($E13,"Premium")+COUNTIF($I13,"Premium")+COUNTIF($M13,"Premium")+COUNTIF($Q13,"Premium")+COUNTIF($U13,"Premium"))>0),Lookup!$B$4,0),IFERROR(VLOOKUP(E13,Lookup!$A$2:$B$5,2,FALSE),0))))+IF(AND(F13=TRUE,NOT((COUNTIF($E13,"Senior")+COUNTIF($I13,"Senior")+COUNTIF($M13,"Senior")+COUNTIF($Q13,"Senior")+COUNTIF($U13,"Senior"))>0)),Lookup!$B$6,0)+IF(G13=TRUE,Lookup!$B$7,0)) | J13: FALSE | K13: FALSE | L13: =IF(I13="","",IF(I13="",0,IF((COUNTIF($E13,"Senior")+COUNTIF($I13,"Senior")+COUNTIF($M13,"Senior")+COUNTIF($Q13,"Senior")+COUNTIF($U13,"Senior"))>0,Lookup!$B$5,IF(I13="Value",IF(AND(COUNTA($E13,$I13,$M13,$Q13,$U13)>=2,(COUNTIF($E13,"Extra")+COUNTIF($I13,"Extra")+COUNTIF($M13,"Extra")+COUNTIF($Q13,"Extra")+COUNTIF($U13,"Extra")+COUNTIF($E13,"Premium")+COUNTIF($I13,"Premium")+COUNTIF($M13,"Premium")+COUNTIF($Q13,"Premium")+COUNTIF($U13,"Premium"))>0),Lookup!$B$4,0),IFERROR(VLOOKUP(I13,Lookup!$A$2:$B$5,2,FALSE),0))))+IF(AND(J13=TRUE,NOT((COUNTIF($E13,"Senior")+COUNTIF($I13,"Senior")+COUNTIF($M13,"Senior")+COUNTIF($Q13,"Senior")+COUNTIF($U13,"Senior"))>0)),Lookup!$B$6,0)+IF(K13=TRUE,Lookup!$B$7,0)) | N13: FALSE | O13: FALSE | P13: =IF(M13="","",IF(M13="",0,IF((COUNTIF($E13,"Senior")+COUNTIF($I13,"Senior")+COUNTIF($M13,"Senior")+COUNTIF($Q13,"Senior")+COUNTIF($U13,"Senior"))>0,Lookup!$B$5,IF(M13="Value",IF(AND(COUNTA($E13,$I13,$M13,$Q13,$U13)>=2,(COUNTIF($E13,"Extra")+COUNTIF($I13,"Extra")+COUNTIF($M13,"Extra")+COUNTIF($Q13,"Extra")+COUNTIF($U13,"Extra")+COUNTIF($E13,"Premium")+COUNTIF($I13,"Premium")+COUNTIF($M13,"Premium")+COUNTIF($Q13,"Premium")+COUNTIF($U13,"Premium"))>0),Lookup!$B$4,0),IFERROR(VLOOKUP(M13,Lookup!$A$2:$B$5,2,FALSE),0))))+IF(AND(N13=TRUE,NOT((COUNTIF($E13,"Senior")+COUNTIF($I13,"Senior")+COUNTIF($M13,"Senior")+COUNTIF($Q13,"Senior")+COUNTIF($U13,"Senior"))>0)),Lookup!$B$6,0)+IF(O13=TRUE,Lookup!$B$7,0)) | R13: FALSE | S13: FALSE | T13: =IF(Q13="","",IF(Q13="",0,IF((COUNTIF($E13,"Senior")+COUNTIF($I13,"Senior")+COUNTIF($M13,"Senior")+COUNTIF($Q13,"Senior")+COUNTIF($U13,"Senior"))>0,Lookup!$B$5,IF(Q13="Value",IF(AND(COUNTA($E13,$I13,$M13,$Q13,$U13)>=2,(COUNTIF($E13,"Extra")+COUNTIF($I13,"Extra")+COUNTIF($M13,"Extra")+COUNTIF($Q13,"Extra")+COUNTIF($U13,"Extra")+COUNTIF($E13,"Premium")+COUNTIF($I13,"Premium")+COUNTIF($M13,"Premium")+COUNTIF($Q13,"Premium")+COUNTIF($U13,"Premium"))>0),Lookup!$B$4,0),IFERROR(VLOOKUP(Q13,Lookup!$A$2:$B$5,2,FALSE),0))))+IF(AND(R13=TRUE,NOT((COUNTIF($E13,"Senior")+COUNTIF($I13,"Senior")+COUNTIF($M13,"Senior")+COUNTIF($Q13,"Senior")+COUNTIF($U13,"Senior"))>0)),Lookup!$B$6,0)+IF(S13=TRUE,Lookup!$B$7,0)) | V13: FALSE | W13: FALSE | X13: =IF(U13="","",IF(U13="",0,IF((COUNTIF($E13,"Senior")+COUNTIF($I13,"Senior")+COUNTIF($M13,"Senior")+COUNTIF($Q13,"Senior")+COUNTIF($U13,"Senior"))>0,Lookup!$B$5,IF(U13="Value",IF(AND(COUNTA($E13,$I13,$M13,$Q13,$U13)>=2,(COUNTIF($E13,"Extra")+COUNTIF($I13,"Extra")+COUNTIF($M13,"Extra")+COUNTIF($Q13,"Extra")+COUNTIF($U13,"Extra")+COUNTIF($E13,"Premium")+COUNTIF($I13,"Premium")+COUNTIF($M13,"Premium")+COUNTIF($Q13,"Premium")+COUNTIF($U13,"Premium"))>0),Lookup!$B$4,0),IFERROR(VLOOKUP(U13,Lookup!$A$2:$B$5,2,FALSE),0))))+IF(AND(V13=TRUE,NOT((COUNTIF($E13,"Senior")+COUNTIF($I13,"Senior")+COUNTIF($M13,"Senior")+COUNTIF($Q13,"Senior")+COUNTIF($U13,"Senior"))>0)),Lookup!$B$6,0)+IF(W13=TRUE,Lookup!$B$7,0)) | Z13: =IFERROR(VLOOKUP(Y13,Lookup!$A$9:$B$12,2,FALSE),0) -> 0 | AA13: =SUM(H13,L13,P13,T13,X13,Z13) -> 0 | AC13: =IFERROR(AA13*AB13,0) -> 0 | AD13: =IFERROR(AA13*(1-AB13),0) -> 0
F14: FALSE | G14: FALSE | H14: =IF(E14="","",IF(E14="",0,IF((COUNTIF($E14,"Senior")+COUNTIF($I14,"Senior")+COUNTIF($M14,"Senior")+COUNTIF($Q14,"Senior")+COUNTIF($U14,"Senior"))>0,Lookup!$B$5,IF(E14="Value",IF(AND(COUNTA($E14,$I14,$M14,$Q14,$U14)>=2,(COUNTIF($E14,"Extra")+COUNTIF($I14,"Extra")+COUNTIF($M14,"Extra")+COUNTIF($Q14,"Extra")+COUNTIF($U14,"Extra")+COUNTIF($E14,"Premium")+COUNTIF($I14,"Premium")+COUNTIF($M14,"Premium")+COUNTIF($Q14,"Premium")+COUNTIF($U14,"Premium"))>0),Lookup!$B$4,0),IFERROR(VLOOKUP(E14,Lookup!$A$2:$B$5,2,FALSE),0))))+IF(AND(F14=TRUE,NOT((COUNTIF($E14,"Senior")+COUNTIF($I14,"Senior")+COUNTIF($M14,"Senior")+COUNTIF($Q14,"Senior")+COUNTIF($U14,"Senior"))>0)),Lookup!$B$6,0)+IF(G14=TRUE,Lookup!$B$7,0)) | J14: FALSE | K14: FALSE | L14: =IF(I14="","",IF(I14="",0,IF((COUNTIF($E14,"Senior")+COUNTIF($I14,"Senior")+COUNTIF($M14,"Senior")+COUNTIF($Q14,"Senior")+COUNTIF($U14,"Senior"))>0,Lookup!$B$5,IF(I14="Value",IF(AND(COUNTA($E14,$I14,$M14,$Q14,$U14)>=2,(COUNTIF($E14,"Extra")+COUNTIF($I14,"Extra")+COUNTIF($M14,"Extra")+COUNTIF($Q14,"Extra")+COUNTIF($U14,"Extra")+COUNTIF($E14,"Premium")+COUNTIF($I14,"Premium")+COUNTIF($M14,"Premium")+COUNTIF($Q14,"Premium")+COUNTIF($U14,"Premium"))>0),Lookup!$B$4,0),IFERROR(VLOOKUP(I14,Lookup!$A$2:$B$5,2,FALSE),0))))+IF(AND(J14=TRUE,NOT((COUNTIF($E14,"Senior")+COUNTIF($I14,"Senior")+COUNTIF($M14,"Senior")+COUNTIF($Q14,"Senior")+COUNTIF($U14,"Senior"))>0)),Lookup!$B$6,0)+IF(K14=TRUE,Lookup!$B$7,0)) | N14: FALSE | O14: FALSE | P14: =IF(M14="","",IF(M14="",0,IF((COUNTIF($E14,"Senior")+COUNTIF($I14,"Senior")+COUNTIF($M14,"Senior")+COUNTIF($Q14,"Senior")+COUNTIF($U14,"Senior"))>0,Lookup!$B$5,IF(M14="Value",IF(AND(COUNTA($E14,$I14,$M14,$Q14,$U14)>=2,(COUNTIF($E14,"Extra")+COUNTIF($I14,"Extra")+COUNTIF($M14,"Extra")+COUNTIF($Q14,"Extra")+COUNTIF($U14,"Extra")+COUNTIF($E14,"Premium")+COUNTIF($I14,"Premium")+COUNTIF($M14,"Premium")+COUNTIF($Q14,"Premium")+COUNTIF($U14,"Premium"))>0),Lookup!$B$4,0),IFERROR(VLOOKUP(M14,Lookup!$A$2:$B$5,2,FALSE),0))))+IF(AND(N14=TRUE,NOT((COUNTIF($E14,"Senior")+COUNTIF($I14,"Senior")+COUNTIF($M14,"Senior")+COUNTIF($Q14,"Senior")+COUNTIF($U14,"Senior"))>0)),Lookup!$B$6,0)+IF(O14=TRUE,Lookup!$B$7,0)) | R14: FALSE | S14: FALSE | T14: =IF(Q14="","",IF(Q14="",0,IF((COUNTIF($E14,"Senior")+COUNTIF($I14,"Senior")+COUNTIF($M14,"Senior")+COUNTIF($Q14,"Senior")+COUNTIF($U14,"Senior"))>0,Lookup!$B$5,IF(Q14="Value",IF(AND(COUNTA($E14,$I14,$M14,$Q14,$U14)>=2,(COUNTIF($E14,"Extra")+COUNTIF($I14,"Extra")+COUNTIF($M14,"Extra")+COUNTIF($Q14,"Extra")+COUNTIF($U14,"Extra")+COUNTIF($E14,"Premium")+COUNTIF($I14,"Premium")+COUNTIF($M14,"Premium")+COUNTIF($Q14,"Premium")+COUNTIF($U14,"Premium"))>0),Lookup!$B$4,0),IFERROR(VLOOKUP(Q14,Lookup!$A$2:$B$5,2,FALSE),0))))+IF(AND(R14=TRUE,NOT((COUNTIF($E14,"Senior")+COUNTIF($I14,"Senior")+COUNTIF($M14,"Senior")+COUNTIF($Q14,"Senior")+COUNTIF($U14,"Senior"))>0)),Lookup!$B$6,0)+IF(S14=TRUE,Lookup!$B$7,0)) | V14: FALSE | W14: FALSE | X14: =IF(U14="","",IF(U14="",0,IF((COUNTIF($E14,"Senior")+COUNTIF($I14,"Senior")+COUNTIF($M14,"Senior")+COUNTIF($Q14,"Senior")+COUNTIF($U14,"Senior"))>0,Lookup!$B$5,IF(U14="Value",IF(AND(COUNTA($E14,$I14,$M14,$Q14,$U14)>=2,(COUNTIF($E14,"Extra")+COUNTIF($I14,"Extra")+COUNTIF($M14,"Extra")+COUNTIF($Q14,"Extra")+COUNTIF($U14,"Extra")+COUNTIF($E14,"Premium")+COUNTIF($I14,"Premium")+COUNTIF($M14,"Premium")+COUNTIF($Q14,"Premium")+COUNTIF($U14,"Premium"))>0),Lookup!$B$4,0),IFERROR(VLOOKUP(U14,Lookup!$A$2:$B$5,2,FALSE),0))))+IF(AND(V14=TRUE,NOT((COUNTIF($E14,"Senior")+COUNTIF($I14,"Senior")+COUNTIF($M14,"Senior")+COUNTIF($Q14,"Senior")+COUNTIF($U14,"Senior"))>0)),Lookup!$B$6,0)+IF(W14=TRUE,Lookup!$B$7,0)) | Z14: =IFERROR(VLOOKUP(Y14,Lookup!$A$9:$B$12,2,FALSE),0) -> 0 | AA14: =SUM(H14,L14,P14,T14,X14,Z14) -> 0 | AC14: =IFERROR(AA14*AB14,0) -> 0 | AD14: =IFERROR(AA14*(1-AB14),0) -> 0
F15: FALSE | G15: FALSE | H15: =IF(E15="","",IF(E15="",0,IF((COUNTIF($E15,"Senior")+COUNTIF($I15,"Senior")+COUNTIF($M15,"Senior")+COUNTIF($Q15,"Senior")+COUNTIF($U15,"Senior"))>0,Lookup!$B$5,IF(E15="Value",IF(AND(COUNTA($E15,$I15,$M15,$Q15,$U15)>=2,(COUNTIF($E15,"Extra")+COUNTIF($I15,"Extra")+COUNTIF($M15,"Extra")+COUNTIF($Q15,"Extra")+COUNTIF($U15,"Extra")+COUNTIF($E15,"Premium")+COUNTIF($I15,"Premium")+COUNTIF($M15,"Premium")+COUNTIF($Q15,"Premium")+COUNTIF($U15,"Premium"))>0),Lookup!$B$4,0),IFERROR(VLOOKUP(E15,Lookup!$A$2:$B$5,2,FALSE),0))))+IF(AND(F15=TRUE,NOT((COUNTIF($E15,"Senior")+COUNTIF($I15,"Senior")+COUNTIF($M15,"Senior")+COUNTIF($Q15,"Senior")+COUNTIF($U15,"Senior"))>0)),Lookup!$B$6,0)+IF(G15=TRUE,Lookup!$B$7,0)) | J15: FALSE | K15: FALSE | L15: =IF(I15="","",IF(I15="",0,IF((COUNTIF($E15,"Senior")+COUNTIF($I15,"Senior")+COUNTIF($M15,"Senior")+COUNTIF($Q15,"Senior")+COUNTIF($U15,"Senior"))>0,Lookup!$B$5,IF(I15="Value",IF(AND(COUNTA($E15,$I15,$M15,$Q15,$U15)>=2,(COUNTIF($E15,"Extra")+COUNTIF($I15,"Extra")+COUNTIF($M15,"Extra")+COUNTIF($Q15,"Extra")+COUNTIF($U15,"Extra")+COUNTIF($E15,"Premium")+COUNTIF($I15,"Premium")+COUNTIF($M15,"Premium")+COUNTIF($Q15,"Premium")+COUNTIF($U15,"Premium"))>0),Lookup!$B$4,0),IFERROR(VLOOKUP(I15,Lookup!$A$2:$B$5,2,FALSE),0))))+IF(AND(J15=TRUE,NOT((COUNTIF($E15,"Senior")+COUNTIF($I15,"Senior")+COUNTIF($M15,"Senior")+COUNTIF($Q15,"Senior")+COUNTIF($U15,"Senior"))>0)),Lookup!$B$6,0)+IF(K15=TRUE,Lookup!$B$7,0)) | N15: FALSE | O15: FALSE | P15: =IF(M15="","",IF(M15="",0,IF((COUNTIF($E15,"Senior")+COUNTIF($I15,"Senior")+COUNTIF($M15,"Senior")+COUNTIF($Q15,"Senior")+COUNTIF($U15,"Senior"))>0,Lookup!$B$5,IF(M15="Value",IF(AND(COUNTA($E15,$I15,$M15,$Q15,$U15)>=2,(COUNTIF($E15,"Extra")+COUNTIF($I15,"Extra")+COUNTIF($M15,"Extra")+COUNTIF($Q15,"Extra")+COUNTIF($U15,"Extra")+COUNTIF($E15,"Premium")+COUNTIF($I15,"Premium")+COUNTIF($M15,"Premium")+COUNTIF($Q15,"Premium")+COUNTIF($U15,"Premium"))>0),Lookup!$B$4,0),IFERROR(VLOOKUP(M15,Lookup!$A$2:$B$5,2,FALSE),0))))+IF(AND(N15=TRUE,NOT((COUNTIF($E15,"Senior")+COUNTIF($I15,"Senior")+COUNTIF($M15,"Senior")+COUNTIF($Q15,"Senior")+COUNTIF($U15,"Senior"))>0)),Lookup!$B$6,0)+IF(O15=TRUE,Lookup!$B$7,0)) | R15: FALSE | S15: FALSE | T15: =IF(Q15="","",IF(Q15="",0,IF((COUNTIF($E15,"Senior")+COUNTIF($I15,"Senior")+COUNTIF($M15,"Senior")+COUNTIF($Q15,"Senior")+COUNTIF($U15,"Senior"))>0,Lookup!$B$5,IF(Q15="Value",IF(AND(COUNTA($E15,$I15,$M15,$Q15,$U15)>=2,(COUNTIF($E15,"Extra")+COUNTIF($I15,"Extra")+COUNTIF($M15,"Extra")+COUNTIF($Q15,"Extra")+COUNTIF($U15,"Extra")+COUNTIF($E15,"Premium")+COUNTIF($I15,"Premium")+COUNTIF($M15,"Premium")+COUNTIF($Q15,"Premium")+COUNTIF($U15,"Premium"))>0),Lookup!$B$4,0),IFERROR(VLOOKUP(Q15,Lookup!$A$2:$B$5,2,FALSE),0))))+IF(AND(R15=TRUE,NOT((COUNTIF($E15,"Senior")+COUNTIF($I15,"Senior")+COUNTIF($M15,"Senior")+COUNTIF($Q15,"Senior")+COUNTIF($U15,"Senior"))>0)),Lookup!$B$6,0)+IF(S15=TRUE,Lookup!$B$7,0)) | V15: FALSE | W15: FALSE | X15: =IF(U15="","",IF(U15="",0,IF((COUNTIF($E15,"Senior")+COUNTIF($I15,"Senior")+COUNTIF($M15,"Senior")+COUNTIF($Q15,"Senior")+COUNTIF($U15,"Senior"))>0,Lookup!$B$5,IF(U15="Value",IF(AND(COUNTA($E15,$I15,$M15,$Q15,$U15)>=2,(COUNTIF($E15,"Extra")+COUNTIF($I15,"Extra")+COUNTIF($M15,"Extra")+COUNTIF($Q15,"Extra")+COUNTIF($U15,"Extra")+COUNTIF($E15,"Premium")+COUNTIF($I15,"Premium")+COUNTIF($M15,"Premium")+COUNTIF($Q15,"Premium")+COUNTIF($U15,"Premium"))>0),Lookup!$B$4,0),IFERROR(VLOOKUP(U15,Lookup!$A$2:$B$5,2,FALSE),0))))+IF(AND(V15=TRUE,NOT((COUNTIF($E15,"Senior")+COUNTIF($I15,"Senior")+COUNTIF($M15,"Senior")+COUNTIF($Q15,"Senior")+COUNTIF($U15,"Senior"))>0)),Lookup!$B$6,0)+IF(W15=TRUE,Lookup!$B$7,0)) | Z15: =IFERROR(VLOOKUP(Y15,Lookup!$A$9:$B$12,2,FALSE),0) -> 0 | AA15: =SUM(H15,L15,P15,T15,X15,Z15) -> 0 | AC15: =IFERROR(AA15*AB15,0) -> 0 | AD15: =IFERROR(AA15*(1-AB15),0) -> 0
F16: FALSE | G16: FALSE | H16: =IF(E16="","",IF(E16="",0,IF((COUNTIF($E16,"Senior")+COUNTIF($I16,"Senior")+COUNTIF($M16,"Senior")+COUNTIF($Q16,"Senior")+COUNTIF($U16,"Senior"))>0,Lookup!$B$5,IF(E16="Value",IF(AND(COUNTA($E16,$I16,$M16,$Q16,$U16)>=2,(COUNTIF($E16,"Extra")+COUNTIF($I16,"Extra")+COUNTIF($M16,"Extra")+COUNTIF($Q16,"Extra")+COUNTIF($U16,"Extra")+COUNTIF($E16,"Premium")+COUNTIF($I16,"Premium")+COUNTIF($M16,"Premium")+COUNTIF($Q16,"Premium")+COUNTIF($U16,"Premium"))>0),Lookup!$B$4,0),IFERROR(VLOOKUP(E16,Lookup!$A$2:$B$5,2,FALSE),0))))+IF(AND(F16=TRUE,NOT((COUNTIF($E16,"Senior")+COUNTIF($I16,"Senior")+COUNTIF($M16,"Senior")+COUNTIF($Q16,"Senior")+COUNTIF($U16,"Senior"))>0)),Lookup!$B$6,0)+IF(G16=TRUE,Lookup!$B$7,0)) | J16: FALSE | K16: FALSE | L16: =IF(I16="","",IF(I16="",0,IF((COUNTIF($E16,"Senior")+COUNTIF($I16,"Senior")+COUNTIF($M16,"Senior")+COUNTIF($Q16,"Senior")+COUNTIF($U16,"Senior"))>0,Lookup!$B$5,IF(I16="Value",IF(AND(COUNTA($E16,$I16,$M16,$Q16,$U16)>=2,(COUNTIF($E16,"Extra")+COUNTIF($I16,"Extra")+COUNTIF($M16,"Extra")+COUNTIF($Q16,"Extra")+COUNTIF($U16,"Extra")+COUNTIF($E16,"Premium")+COUNTIF($I16,"Premium")+COUNTIF($M16,"Premium")+COUNTIF($Q16,"Premium")+COUNTIF($U16,"Premium"))>0),Lookup!$B$4,0),IFERROR(VLOOKUP(I16,Lookup!$A$2:$B$5,2,FALSE),0))))+IF(AND(J16=TRUE,NOT((COUNTIF($E16,"Senior")+COUNTIF($I16,"Senior")+COUNTIF($M16,"Senior")+COUNTIF($Q16,"Senior")+COUNTIF($U16,"Senior"))>0)),Lookup!$B$6,0)+IF(K16=TRUE,Lookup!$B$7,0)) | N16: FALSE | O16: FALSE | P16: =IF(M16="","",IF(M16="",0,IF((COUNTIF($E16,"Senior")+COUNTIF($I16,"Senior")+COUNTIF($M16,"Senior")+COUNTIF($Q16,"Senior")+COUNTIF($U16,"Senior"))>0,Lookup!$B$5,IF(M16="Value",IF(AND(COUNTA($E16,$I16,$M16,$Q16,$U16)>=2,(COUNTIF($E16,"Extra")+COUNTIF($I16,"Extra")+COUNTIF($M16,"Extra")+COUNTIF($Q16,"Extra")+COUNTIF($U16,"Extra")+COUNTIF($E16,"Premium")+COUNTIF($I16,"Premium")+COUNTIF($M16,"Premium")+COUNTIF($Q16,"Premium")+COUNTIF($U16,"Premium"))>0),Lookup!$B$4,0),IFERROR(VLOOKUP(M16,Lookup!$A$2:$B$5,2,FALSE),0))))+IF(AND(N16=TRUE,NOT((COUNTIF($E16,"Senior")+COUNTIF($I16,"Senior")+COUNTIF($M16,"Senior")+COUNTIF($Q16,"Senior")+COUNTIF($U16,"Senior"))>0)),Lookup!$B$6,0)+IF(O16=TRUE,Lookup!$B$7,0)) | R16: FALSE | S16: FALSE | T16: =IF(Q16="","",IF(Q16="",0,IF((COUNTIF($E16,"Senior")+COUNTIF($I16,"Senior")+COUNTIF($M16,"Senior")+COUNTIF($Q16,"Senior")+COUNTIF($U16,"Senior"))>0,Lookup!$B$5,IF(Q16="Value",IF(AND(COUNTA($E16,$I16,$M16,$Q16,$U16)>=2,(COUNTIF($E16,"Extra")+COUNTIF($I16,"Extra")+COUNTIF($M16,"Extra")+COUNTIF($Q16,"Extra")+COUNTIF($U16,"Extra")+COUNTIF($E16,"Premium")+COUNTIF($I16,"Premium")+COUNTIF($M16,"Premium")+COUNTIF($Q16,"Premium")+COUNTIF($U16,"Premium"))>0),Lookup!$B$4,0),IFERROR(VLOOKUP(Q16,Lookup!$A$2:$B$5,2,FALSE),0))))+IF(AND(R16=TRUE,NOT((COUNTIF($E16,"Senior")+COUNTIF($I16,"Senior")+COUNTIF($M16,"Senior")+COUNTIF($Q16,"Senior")+COUNTIF($U16,"Senior"))>0)),Lookup!$B$6,0)+IF(S16=TRUE,Lookup!$B$7,0)) | V16: FALSE | W16: FALSE | X16: =IF(U16="","",IF(U16="",0,IF((COUNTIF($E16,"Senior")+COUNTIF($I16,"Senior")+COUNTIF($M16,"Senior")+COUNTIF($Q16,"Senior")+COUNTIF($U16,"Senior"))>0,Lookup!$B$5,IF(U16="Value",IF(AND(COUNTA($E16,$I16,$M16,$Q16,$U16)>=2,(COUNTIF($E16,"Extra")+COUNTIF($I16,"Extra")+COUNTIF($M16,"Extra")+COUNTIF($Q16,"Extra")+COUNTIF($U16,"Extra")+COUNTIF($E16,"Premium")+COUNTIF($I16,"Premium")+COUNTIF($M16,"Premium")+COUNTIF($Q16,"Premium")+COUNTIF($U16,"Premium"))>0),Lookup!$B$4,0),IFERROR(VLOOKUP(U16,Lookup!$A$2:$B$5,2,FALSE),0))))+IF(AND(V16=TRUE,NOT((COUNTIF($E16,"Senior")+COUNTIF($I16,"Senior")+COUNTIF($M16,"Senior")+COUNTIF($Q16,"Senior")+COUNTIF($U16,"Senior"))>0)),Lookup!$B$6,0)+IF(W16=TRUE,Lookup!$B$7,0)) | Z16: =IFERROR(VLOOKUP(Y16,Lookup!$A$9:$B$12,2,FALSE),0) -> 0 | AA16: =SUM(H16,L16,P16,T16,X16,Z16) -> 0 | AC16: =IFERROR(AA16*AB16,0) -> 0 | AD16: =IFERROR(AA16*(1-AB16),0) -> 0
... F22: FALSE | G22: FALSE | H22: =IF(E22="","",IF(E22="",0,IF((COUNTIF($E22,"Senior")+COUNTIF($I22,"Senior")+COUNTIF($M22,"Senior")+COUNTIF($Q22,"Senior")+COUNTIF($U22,"Senior"))>0,Lookup!$B$5,IF(E22="Value",IF(AND(COUNTA($E22,$I22,$M22,$Q22,$U22)>=2,(COUNTIF($E22,"Extra")+COUNTIF($I22,"Extra")+COUNTIF($M22,"Extra")+COUNTIF($Q22,"Extra")+COUNTIF($U22,"Extra")+COUNTIF($E22,"Premium")+COUNTIF($I22,"Premium")+COUNTIF($M22,"Premium")+COUNTIF($Q22,"Premium")+COUNTIF($U22,"Premium"))>0),Lookup!$B$4,0),IFERROR(VLOOKUP(E22,Lookup!$A$2:$B$5,2,FALSE),0))))+IF(AND(F22=TRUE,NOT((COUNTIF($E22,"Senior")+COUNTIF($I22,"Senior")+COUNTIF($M22,"Senior")+COUNTIF($Q22,"Senior")+COUNTIF($U22,"Senior"))>0)),Lookup!$B$6,0)+IF(G22=TRUE,Lookup!$B$7,0)) | J22: FALSE | K22: FALSE | L22: =IF(I22="","",IF(I22="",0,IF((COUNTIF($E22,"Senior")+COUNTIF($I22,"Senior")+COUNTIF($M22,"Senior")+COUNTIF($Q22,"Senior")+COUNTIF($U22,"Senior"))>0,Lookup!$B$5,IF(I22="Value",IF(AND(COUNTA($E22,$I22,$M22,$Q22,$U22)>=2,(COUNTIF($E22,"Extra")+COUNTIF($I22,"Extra")+COUNTIF($M22,"Extra")+COUNTIF($Q22,"Extra")+COUNTIF($U22,"Extra")+COUNTIF($E22,"Premium")+COUNTIF($I22,"Premium")+COUNTIF($M22,"Premium")+COUNTIF($Q22,"Premium")+COUNTIF($U22,"Premium"))>0),Lookup!$B$4,0),IFERROR(VLOOKUP(I22,Lookup!$A$2:$B$5,2,FALSE),0))))+IF(AND(J22=TRUE,NOT((COUNTIF($E22,"Senior")+COUNTIF($I22,"Senior")+COUNTIF($M22,"Senior")+COUNTIF($Q22,"Senior")+COUNTIF($U22,"Senior"))>0)),Lookup!$B$6,0)+IF(K22=TRUE,Lookup!$B$7,0)) | N22: FALSE | O22: FALSE | P22: =IF(M22="","",IF(M22="",0,IF((COUNTIF($E22,"Senior")+COUNTIF($I22,"Senior")+COUNTIF($M22,"Senior")+COUNTIF($Q22,"Senior")+COUNTIF($U22,"Senior"))>0,Lookup!$B$5,IF(M22="Value",IF(AND(COUNTA($E22,$I22,$M22,$Q22,$U22)>=2,(COUNTIF($E22,"Extra")+COUNTIF($I22,"Extra")+COUNTIF($M22,"Extra")+COUNTIF($Q22,"Extra")+COUNTIF($U22,"Extra")+COUNTIF($E22,"Premium")+COUNTIF($I22,"Premium")+COUNTIF($M22,"Premium")+COUNTIF($Q22,"Premium")+COUNTIF($U22,"Premium"))>0),Lookup!$B$4,0),IFERROR(VLOOKUP(M22,Lookup!$A$2:$B$5,2,FALSE),0))))+IF(AND(N22=TRUE,NOT((COUNTIF($E22,"Senior")+COUNTIF($I22,"Senior")+COUNTIF($M22,"Senior")+COUNTIF($Q22,"Senior")+COUNTIF($U22,"Senior"))>0)),Lookup!$B$6,0)+IF(O22=TRUE,Lookup!$B$7,0)) | R22: FALSE | S22: FALSE | T22: =IF(Q22="","",IF(Q22="",0,IF((COUNTIF($E22,"Senior")+COUNTIF($I22,"Senior")+COUNTIF($M22,"Senior")+COUNTIF($Q22,"Senior")+COUNTIF($U22,"Senior"))>0,Lookup!$B$5,IF(Q22="Value",IF(AND(COUNTA($E22,$I22,$M22,$Q22,$U22)>=2,(COUNTIF($E22,"Extra")+COUNTIF($I22,"Extra")+COUNTIF($M22,"Extra")+COUNTIF($Q22,"Extra")+COUNTIF($U22,"Extra")+COUNTIF($E22,"Premium")+COUNTIF($I22,"Premium")+COUNTIF($M22,"Premium")+COUNTIF($Q22,"Premium")+COUNTIF($U22,"Premium"))>0),Lookup!$B$4,0),IFERROR(VLOOKUP(Q22,Lookup!$A$2:$B$5,2,FALSE),0))))+IF(AND(R22=TRUE,NOT((COUNTIF($E22,"Senior")+COUNTIF($I22,"Senior")+COUNTIF($M22,"Senior")+COUNTIF($Q22,"Senior")+COUNTIF($U22,"Senior"))>0)),Lookup!$B$6,0)+IF(S22=TRUE,Lookup!$B$7,0)) | V22: FALSE | W22: FALSE | X22: =IF(U22="","",IF(U22="",0,IF((COUNTIF($E22,"Senior")+COUNTIF($I22,"Senior")+COUNTIF($M22,"Senior")+COUNTIF($Q22,"Senior")+COUNTIF($U22,"Senior"))>0,Lookup!$B$5,IF(U22="Value",IF(AND(COUNTA($E22,$I22,$M22,$Q22,$U22)>=2,(COUNTIF($E22,"Extra")+COUNTIF($I22,"Extra")+COUNTIF($M22,"Extra")+COUNTIF($Q22,"Extra")+COUNTIF($U22,"Extra")+COUNTIF($E22,"Premium")+COUNTIF($I22,"Premium")+COUNTIF($M22,"Premium")+COUNTIF($Q22,"Premium")+COUNTIF($U22,"Premium"))>0),Lookup!$B$4,0),IFERROR(VLOOKUP(U22,Lookup!$A$2:$B$5,2,FALSE),0))))+IF(AND(V22=TRUE,NOT((COUNTIF($E22,"Senior")+COUNTIF($I22,"Senior")+COUNTIF($M22,"Senior")+COUNTIF($Q22,"Senior")+COUNTIF($U22,"Senior"))>0)),Lookup!$B$6,0)+IF(W22=TRUE,Lookup!$B$7,0)) | Z22: =IFERROR(VLOOKUP(Y22,Lookup!$A$9:$B$12,2,FALSE),0) -> 0 | AA22: =SUM(H22,L22,P22,T22,X22,Z22) -> 0 | AC22: =IFERROR(AA22*AB22,0) -> 0 | AD22: =IFERROR(AA22*(1-AB22),0) -> 0

Sheet Lookup
A1: Plan | B1: Commission | D1: Plan Options (Full) | E1: Senior Only | F1: No Senior
A2: Extra | B2: 95 | D2: Extra | E2: Senior | F2: Extra
A3: Premium | B3: 105 | D3: Premium | F3: Premium
A4: Value | B4: 50 | D4: Senior | F4: Value
A5: Senior | B5: 95 | D5: Value
A6: Next Up Bonus | B6: 10
A7: Insurance Bonus | B7: 7
A8: Internet | B8: Commission
A9: 100 Mbps | B9: 135
A10: 300 Mbps | B10: 145
A11: 500 Mbps | B11: 155
A12: 1Gb | B12: 165
